"BRAND_NAME","TYPE","NIC","TAR","CO","LEN","FLTR","PACK","STRENGTH","STYLE","OTHER","pcopd","copd"
"ACCORD","0",0.2,3,1,68,"1","HARD","REGULAR","","",0.0752198990266371,0
"ACCORD","0",0.3,5,1,68,"1","HARD","REGULAR","","",0.0808915739072429,0
"American","0",0.8,14,14,83,"1","HARD","FULL FLAVOR","","",0.100940245088718,0
"Austin","0",0.9,15,15,83,"1","HARD","FULL FLAVOR","","",0.108324101065906,0
"Austin","0",0.8,11,13,83,"1","HARD","LIGHT","","",0.100940245088718,0
"Austin","0",0.9,15,16,84,"1","SOFT","FULL FLAVOR","","",0.107357153726951,0
"Austin","0",0.7,10,12,84,"1","SOFT","LIGHT","","",0.0931541473423325,0
"Austin","0",0.4,5,7,84,"1","SOFT","ULTRA LIGHT","","",0.0750035765321683,0
"Austin","0",0.9,14,17,99,"1","SOFT","FULL FLAVOR","","",0.093741768646458,0
"Austin","0",0.8,10,11,99,"1","SOFT","LIGHT","","",0.0872546425209806,0
"Austin","0",0.4,5,7,99,"1","SOFT","ULTRA LIGHT","","",0.0651917129210431,0
"Barclay","0",0.3,4,4,85,"1","HARD","ULTRA LIGHT","","",0.0690644357431002,0
"Barclay","0",0.3,4,4,85,"1","SOFT","ULTRA LIGHT","","",0.0690644357431002,1
"Barclay","0",0.5,6,6,100,"1","SOFT","ULTRA LIGHT","","",0.0695117458763684,0
"BASIC","0",1,16,17,83,"1","HARD","FULL FLAVOR","","FSC",0.116178294460809,0
"BASIC","0",0.9,14,14,83,"1","HARD","FULL FLAVOR","","",0.108324101065906,0
"BASIC","0",0.7,10,13,83,"1","HARD","LIGHT","","FSC",0.0940066426827235,0
"BASIC","0",0.7,10,12,83,"1","HARD","LIGHT","","",0.0940066426827235,0
"BASIC","0",0.4,6,9,83,"1","HARD","ULTRA LIGHT","","FSC",0.0757038342917954,0
"BASIC","0",0.5,6,8,83,"1","HARD","ULTRA LIGHT","","WASH",0.081408786328334,0
"BASIC","0",0.4,5,7,83,"1","HARD","ULTRA LIGHT","","",0.0757038342917954,0
"BASIC","0",1.3,21,14,83,"0","SOFT","REGULAR","NON-FLTR","FSC",0.217249678349312,0
"BASIC","0",1.1,18,11,83,"0","SOFT","REGULAR","NON-FLTR","",0.191629300654306,0
"BASIC","0",1,16,17,84,"1","SOFT","FULL FLAVOR","","FSC",0.115150291160538,0
"BASIC","0",0.9,15,14,84,"1","SOFT","FULL FLAVOR","","",0.107357153726951,0
"BASIC","0",0.7,12,14,84,"1","SOFT","LIGHT","","FSC",0.0931541473423325,0
"BASIC","0",0.7,10,12,84,"1","SOFT","LIGHT","","",0.0931541473423325,0
"BASIC","0",0.5,6,9,84,"1","SOFT","ULTRA LIGHT","","FSC",0.0806603630876883,1
"BASIC","0",0.4,5,7,84,"1","SOFT","ULTRA LIGHT","","",0.0750035765321683,0
"BASIC","0",1,15,18,98,"1","HARD","FULL FLAVOR","","FSC",0.101571480360385,0
"BASIC","0",0.9,14,15,98,"1","HARD","FULL FLAVOR","","",0.0945990806011911,0
"BASIC","0",0.8,11,14,98,"1","HARD","LIGHT","","FSC",0.0880583914003581,0
"BASIC","0",0.7,10,12,98,"1","HARD","LIGHT","","",0.0819290109674311,0
"BASIC","0",0.4,5,8,98,"1","HARD","ULTRA LIGHT","","FSC",0.065806881099025,0
"BASIC","0",0.4,5,9,98,"1","HARD","ULTRA LIGHT","","WASH",0.065806881099025,0
"BASIC","0",0.4,5,7,98,"1","HARD","ULTRA LIGHT","","",0.065806881099025,0
"BASIC","0",1,15,18,99,"1","SOFT","FULL FLAVOR","","FSC",0.10065800538295,0
"BASIC","0",0.9,14,15,99,"1","SOFT","FULL FLAVOR","","",0.093741768646458,1
"BASIC","0",0.8,11,15,99,"1","SOFT","LIGHT","","FSC",0.0872546425209806,0
"BASIC","0",0.7,10,12,99,"1","SOFT","LIGHT","","",0.0811762277382834,1
"BASIC","0",0.5,5,8,99,"1","SOFT","ULTRA LIGHT","","FSC",0.0701646194186092,0
"BASIC","0",0.4,5,7,99,"1","SOFT","ULTRA LIGHT","","",0.0651917129210431,0
"BENSON A","0",1.1,15,13,84,"1","HARD","REGULAR","DLX","FSC",0.123430914388862,0
"BENSON A","0",1,13,11,84,"1","HARD","REGULAR","DLX","",0.115150291160538,0
"BENSON A","0",0.8,11,13,84,"1","SOFT","REGULAR","M-FILTER","FSC",0.100031814997055,0
"BENSON A","0",0.8,11,11,84,"1","SOFT","REGULAR","M-FILTER","",0.100031814997055,0
"BENSON A","0",0.8,11,12,98,"1","HARD","LIGHT","","FSC",0.0880583914003581,0
"BENSON A","0",0.8,10,10,98,"1","HARD","LIGHT","","",0.0880583914003581,0
"BENSON A","0",0.5,5,7,98,"1","HARD","ULTRA LIGHT","DLX","FSC",0.0708231582012091,0
"BENSON A","0",0.5,5,6,98,"1","HARD","ULTRA LIGHT","DLX","",0.0708231582012091,1
"BENSON A","0",1,12,13,98,"1","HARD","REGULAR","","FSC",0.101571480360385,0
"BENSON A","0",1.1,15,15,98,"1","HARD","REGULAR","","PR",0.108995913693898,0
"BENSON A","0",1,14,13,98,"1","HARD","REGULAR","","",0.101571480360385,0
"BENSON A","0",0.8,11,13,99,"1","SOFT","LIGHT","","FSC",0.0872546425209806,1
"BENSON A","0",0.8,11,12,99,"1","SOFT","LIGHT","","",0.0872546425209806,0
"BENSON A","0",1,13,13,99,"1","SOFT","REGULAR","","FSC",0.10065800538295,0
"BENSON A","0",1,14,14,99,"1","SOFT","REGULAR","","",0.10065800538295,0
"Best Value","0",0.8,14,15,83,"1","HARD","FULL FLAVOR","","",0.100940245088718,0
"Best Value","0",0.7,10,12,83,"1","HARD","LIGHT","","",0.0940066426827235,0
"Best Value","0",0.9,15,16,84,"1","SOFT","FULL FLAVOR","","",0.107357153726951,0
"Best Value","0",0.7,10,12,84,"1","SOFT","LIGHT","","",0.0931541473423325,0
"Best Value","0",0.4,4,6,84,"1","SOFT","ULTRA LIGHT","","",0.0750035765321683,0
"Best Value","0",1.1,19,14,84,"0","SOFT","FULL FLAVOR","","",0.190077251355238,0
"Best Value","0",0.9,14,16,98,"1","HARD","FULL FLAVOR","","",0.0945990806011911,1
"Best Value","0",0.8,10,12,98,"1","HARD","LIGHT","","",0.0880583914003581,0
"Best Value","0",0.9,13,16,99,"1","SOFT","FULL FLAVOR","","",0.093741768646458,0
"Best Value","0",0.8,10,12,99,"1","SOFT","LIGHT","","",0.0872546425209806,0
"Best Value","0",0.4,5,7,99,"1","SOFT","ULTRA LIGHT","","",0.0651917129210431,0
"Bonus Valu","0",0.9,15,15,83,"1","HARD","FULL FLAVOR","","",0.108324101065906,0
"Bonus Valu","0",0.8,11,13,83,"1","HARD","LIGHT","","",0.100940245088718,0
"Bonus Valu","0",0.9,15,16,84,"1","SOFT","FULL FLAVOR","","",0.107357153726951,0
"Bonus Valu","0",0.7,10,12,84,"1","SOFT","LIGHT","","",0.0931541473423325,0
"Bonus Valu","0",0.4,4,6,84,"1","SOFT","ULTRA LIGHT","","",0.0750035765321683,0
"Bonus Valu","0",1.2,20,14,84,"0","SOFT","FULL FLAVOR","","",0.202512821078609,0
"Bonus Valu","0",0.9,14,17,99,"1","SOFT","FULL FLAVOR","","",0.093741768646458,1
"Bonus Valu","0",0.8,10,11,99,"1","SOFT","LIGHT","","",0.0872546425209806,0
"Bonus Valu","0",0.4,5,7,99,"1","SOFT","ULTRA LIGHT","","",0.0651917129210431,0
"BRISTOL","0",0.9,14,15,99,"1","SOFT","FULL FLAVOR","","",0.093741768646458,0
"BRONSON","0",0.9,14,18,85,"1","HARD","FULL FLAVOR",".",".",0.106397807847815,1
"BRONSON","0",1,14,19,85,"1","HARD","FULL FLAVOR",".",".",0.114130209517494,0
"BRONSON","0",0.8,10,13,85,"1","HARD","LIGHT",".",".",0.0991306590445453,0
"BRONSON","0",0.8,10,14,85,"1","HARD","LIGHT",".",".",0.0991306590445453,0
"BRONSON","0",0.9,14,18,85,"1","SOFT","FULL FLAVOR",".",".",0.106397807847815,0
"BRONSON","0",0.8,10,13,85,"1","SOFT","LIGHT",".",".",0.0991306590445453,1
"BRONSON","0",0.5,5,7,85,"1","SOFT","ULTRA LIGHT",".",".",0.0799182217846762,0
"BRONSON","0",1.5,20,14,85,"0","SOFT","FULL FLAVOR",".",".",0.241554524949194,0
"BRONSON","0",1,15,20,100,"1","SOFT","FULL FLAVOR",".",".",0.0997518335350895,0
"BRONSON","0",1,15,21,100,"1","SOFT","FULL FLAVOR",".",".",0.0997518335350895,1
"BRONSON","0",0.8,10,15,100,"1","SOFT","LIGHT",".",".",0.0864575343082639,0
"BRONSON","0",0.8,10,15,100,"1","SOFT","LIGHT",".",".",0.0864575343082639,1
"BRONSON","0",0.5,5,7,100,"1","SOFT","ULTRA LIGHT",".",".",0.0695117458763684,0
"BRONSON","0",0.5,5,7,100,"1","SOFT","ULTRA LIGHT",".",".",0.0695117458763684,0
"BRONSON","0",0.5,6,6,100,"1","SOFT","ULTRA LIGHT",".",".",0.0695117458763684,0
"CAMBRIDG","0",0.7,10,13,84,"1","SOFT","LIGHT","","FSC",0.0931541473423325,0
"CAMBRIDG","0",0.7,9,11,84,"1","SOFT","LIGHT","","",0.0931541473423325,0
"CAMBRIDG","0",0.7,10,12,98,"1","HARD","LIGHT","","",0.0819290109674311,0
"CAMBRIDG","0",0.5,5,8,98,"1","HARD","ULTRA LIGHT","","",0.0708231582012091,0
"CAMBRIDG","0",1,16,18,99,"1","SOFT","FULL FLAVOR","","FSC",0.10065800538295,0
"CAMBRIDG","0",0.9,14,15,99,"1","SOFT","FULL FLAVOR","","",0.093741768646458,0
"CAMBRIDG","0",0.8,12,15,99,"1","SOFT","LIGHT","","FSC",0.0872546425209806,0
"CAMBRIDG","0",0.7,10,12,99,"1","SOFT","LIGHT","","",0.0811762277382834,0
"CAMBRIDG","0",0.4,6,9,99,"1","SOFT","ULTRA LIGHT","","FSC",0.0651917129210431,0
"CAMBRIDG","0",0.4,5,8,99,"1","SOFT","ULTRA LIGHT","","",0.0651917129210431,0
"Camel","0",1.7,23,13,69,"0","SOFT","FULL FLAVOR","","",0.304559530909017,1
"Camel","0",1.2,17,17,79,"1","HARD","FULL FLAVOR","WIDES","",0.138091036252945,0
"Camel","0",0.9,11,10,79,"1","HARD","LIGHT","WIDES","",0.112268728892555,1
"Camel","0",1.2,16,12,83,"1","HARD","FULL FLAVOR","","",0.133375439262141,0
"Camel","0",1.2,16,13,83,"1","HARD","FULL FLAVOR","","",0.133375439262141,0
"Camel","0",0.7,10,10,83,"1","HARD","LIGHT","","SPECIAL",0.0940066426827235,0
"Camel","0",1,13,12,83,"1","HARD","LIGHT","","T-ROYAL",0.116178294460809,0
"Camel","0",0.7,9,10,83,"1","HARD","LIGHT","","",0.0940066426827235,0
"Camel","0",0.7,9,10,83,"1","HARD","LIGHT","","",0.0940066426827235,0
"Camel","0",0.8,10,10,83,"1","HARD","LIGHT","","",0.100940245088718,0
"Camel","0",0.8,10,10,83,"1","HARD","LIGHT","","",0.100940245088718,0
"Camel","0",0.4,5,6,83,"1","HARD","ULTRA LIGHT","","",0.0757038342917954,0
"Camel","0",1.2,16,13,84,"1","SOFT","FULL FLAVOR","","",0.132218031249482,0
"Camel","0",0.9,11,10,84,"1","SOFT","LIGHT","","",0.107357153726951,0
"Camel","0",0.9,12,12,85,"1","HARD","FULL FLAVOR","","",0.106397807847815,0
"Camel","0",0.9,12,12,85,"1","HARD","FULL FLAVOR","","",0.106397807847815,0
"Camel","0",0.9,12,13,85,"1","HARD","FULL FLAVOR","","",0.106397807847815,0
"Camel","0",1,11,12,85,"1","HARD","LIGHT","","",0.114130209517494,0
"Camel","0",1.2,16,14,98,"1","HARD","FULL FLAVOR","","",0.116892432187196,0
"Camel","0",0.8,10,10,98,"1","HARD","LIGHT","","SPECIAL",0.0880583914003581,0
"Camel","0",0.8,9,10,98,"1","HARD","LIGHT","","",0.0880583914003581,0
"Camel","0",0.9,10,11,98,"1","HARD","LIGHT","","",0.0945990806011911,0
"Camel","0",0.4,5,6,98,"1","HARD","ULTRA LIGHT","","",0.065806881099025,0
"Camel","0",1,11,12,100,"1","HARD","LIGHT","","",0.0997518335350895,0
"Camel","0",1.3,17,15,100,"1","SOFT","FULL FLAVOR","","",0.123094398423572,0
"Camel","0",0.9,11,11,100,"1","SOFT","LIGHT","","",0.0928914290284857,0
"CANADIAN","0",1,11,9,72,"1","HARD","ULTRA LIGHT","","",0.128020486836905,1
"CANADIAN","0",1.1,13,11,72,"1","HARD","LIGHT","","",0.137083241259807,0
"CANADIAN","0",1.3,16,14,72,"1","HARD","REGULAR","","",0.156825737517971,0
"CANADIAN","0",1.1,11,11,84,"1","HARD","ULTRA LIGHT","","",0.123430914388862,0
"CANADIAN","0",1.2,12,13,84,"1","HARD","LIGHT","","",0.132218031249482,0
"Capri","0",0.8,9,6,100,"1","HARD","LIGHT","","",0.0864575343082639,0
"Capri","0",0.5,5,4,100,"1","HARD","ULTRA LIGHT","","",0.0695117458763684,0
"Capri","0",1,12,8,120,"1","HARD","LIGHT","","",0.0830971021598127,0
"Carlton","0",0.1,1,1,85,"1","HARD","ULTRA LIGHT","","",0.0595892468494954,0
"Carlton","0",0.1,1,2,85,"1","SOFT","ULTRA LIGHT","","",0.0595892468494954,0
"Carlton","0",0.1,1,1,100,"1","HARD","ULTRA LIGHT","","",0.0516812000181323,0
"Carlton","0",0.1,1,1,100,"1","SOFT","ULTRA LIGHT","","",0.0516812000181323,0
"Carlton","0",0.5,5,3,120,"1","SOFT","ULTRA LIGHT","SLIMS","",0.0575830021899276,0
"Charter","0",0.9,15,15,83,"1","HARD","FULL FLAVOR","","",0.108324101065906,0
"Charter","0",0.8,11,13,83,"1","HARD","LIGHT","","",0.100940245088718,0
"Charter","0",0.9,15,16,84,"1","SOFT","FULL FLAVOR","","",0.107357153726951,0
"Charter","0",0.7,10,12,84,"1","SOFT","LIGHT","","",0.0931541473423325,0
"Charter","0",0.4,4,6,84,"1","SOFT","ULTRA LIGHT","","",0.0750035765321683,0
"Charter","0",0.9,14,17,99,"1","SOFT","FULL FLAVOR","","",0.093741768646458,0
"Charter","0",0.8,10,11,99,"1","SOFT","LIGHT","","",0.0872546425209806,1
"Charter","0",0.4,5,7,99,"1","SOFT","ULTRA LIGHT","","",0.0651917129210431,0
"CHESTER","0",0.8,11,13,83,"1","HARD","LIGHT","","FSC",0.100940245088718,0
"CHESTER","0",0.7,10,12,83,"1","HARD","LIGHT","","",0.0940066426827235,0
"CHESTER","0",1,15,15,83,"1","HARD","REGULAR","","FSC",0.116178294460809,1
"CHESTER","0",1,14,13,83,"1","HARD","REGULAR","","",0.116178294460809,0
"CHESTER","0",1.3,22,14,83,"0","SOFT","REGULAR","","FSC",0.217249678349312,0
"CHESTER","0",1.1,18,11,83,"0","SOFT","REGULAR","","",0.191629300654306,0
"CHESTER","0",0.8,10,12,98,"1","HARD","LIGHT","","FSC",0.0880583914003581,0
"CHESTER","0",0.7,9,11,98,"1","HARD","LIGHT","","",0.0819290109674311,0
"CHESTER","0",1.1,15,16,98,"1","HARD","REGULAR","","FSC",0.108995913693898,0
"CHESTER","0",1,14,15,98,"1","HARD","REGULAR","","",0.101571480360385,0
"Cimarron","0",0.9,15,15,83,"1","HARD","FULL FLAVOR","","",0.108324101065906,0
"Cimarron","0",0.8,11,13,83,"1","HARD","LIGHT","","",0.100940245088718,0
"Cimarron","0",0.9,15,16,84,"1","SOFT","FULL FLAVOR","","",0.107357153726951,0
"Cimarron","0",0.7,10,12,84,"1","SOFT","LIGHT","","",0.0931541473423325,0
"Cimarron","0",0.4,4,6,84,"1","SOFT","ULTRA LIGHT","","",0.0750035765321683,0
"Cimarron","0",0.9,14,17,99,"1","SOFT","FULL FLAVOR","","",0.093741768646458,0
"Cimarron","0",0.8,10,11,99,"1","SOFT","LIGHT","","",0.0872546425209806,0
"Cimarron","0",0.4,5,7,99,"1","SOFT","ULTRA LIGHT","","",0.0651917129210431,0
"CLASS A -","0",0.9,14,18,85,"1","SOFT","FULL FLAVOR",".",".",0.106397807847815,0
"CLASS A -","0",0.8,10,13,85,"1","SOFT","LIGHT",".",".",0.0991306590445453,0
"CLASS A -","0",0.5,6,6,85,"1","SOFT","ULTRA LIGHT",".",".",0.0799182217846762,0
"CLASS A -","0",1.5,20,14,85,"0","SOFT","FULL FLAVOR",".",".",0.241554524949194,0
"CLASS A -","0",1,15,20,100,"1","SOFT","FULL FLAVOR",".",".",0.0997518335350895,0
"CLASS A -","0",0.8,10,15,100,"1","SOFT","LIGHT",".",".",0.0864575343082639,0
"CLASS A -","0",0.5,5,7,100,"1","SOFT","ULTRA LIGHT",".",".",0.0695117458763684,0
"COMMAND","0",1.3,20,13,83,"0","SOFT","REGULAR","","FSC",0.217249678349312,0
"COMMAND","0",1.1,17,10,83,"0","SOFT","REGULAR","","",0.191629300654306,1
"DAVES","0",0.7,11,14,83,"1","HARD","LIGHT","","FSC",0.0940066426827235,0
"DAVES","0",0.7,11,13,83,"1","HARD","LIGHT","","",0.0940066426827235,0
"DAVES","0",1,17,18,83,"1","HARD","REGULAR","","FSC",0.116178294460809,0
"DAVES","0",0.9,14,13,83,"1","HARD","REGULAR","","",0.108324101065906,0
"Doral","0",1,13,12,83,"1","HARD","FULL FLAVOR","","",0.116178294460809,0
"Doral","0",0.8,9,10,83,"1","HARD","LIGHT","","",0.100940245088718,0
"Doral","0",0.4,4,5,83,"1","HARD","ULTRA LIGHT","","",0.0757038342917954,0
"Doral","0",1,14,12,84,"1","SOFT","FULL FLAVOR","","",0.115150291160538,0
"Doral","0",0.8,10,10,84,"1","SOFT","LIGHT","","",0.100031814997055,0
"Doral","0",0.4,4,5,84,"1","SOFT","ULTRA LIGHT","","",0.0750035765321683,0
"Doral","0",1.6,25,14,84,"0","SOFT","FULL FLAVOR","","",0.258212559262159,1
"Doral","0",1.1,13,13,98,"1","HARD","FULL FLAVOR","","",0.108995913693898,0
"Doral","0",0.8,9,10,98,"1","HARD","LIGHT","","",0.0880583914003581,0
"Doral","0",0.4,4,6,98,"1","HARD","ULTRA LIGHT","","",0.065806881099025,0
"Doral","0",1.1,14,13,99,"1","SOFT","FULL FLAVOR","","",0.108023695971389,0
"Doral","0",0.4,4,6,99,"1","SOFT","ULTRA LIGHT","","",0.0651917129210431,1
"Doral","0",0.7,8,8,100,"1","HARD","LIGHT","SLIMS","",0.0804297553022341,0
"Doral","0",0.8,10,11,100,"1","SOFT","LIGHT","","",0.0864575343082639,0
"Dunhill","0",1.2,13,13,100,"1","HARD","LIGHT","","",0.114833393564606,0
"Dunhill","0",0.9,9,10,100,"1","HARD","MEDIUM","","",0.0928914290284857,0
"EAGLE 20'","0",0.9,14,18,85,"1","HARD","FULL FLAVOR",".",".",0.106397807847815,0
"EAGLE 20'","0",0.7,10,12,85,"1","HARD","LIGHT",".",".",0.0923085951536482,0
"EAGLE 20'","0",0.9,14,18,85,"1","SOFT","FULL FLAVOR",".",".",0.106397807847815,0
"EAGLE 20'","0",0.8,10,14,85,"1","SOFT","LIGHT",".",".",0.0991306590445453,0
"EAGLE 20'","0",0.4,5,5,85,"1","SOFT","ULTRA LIGHT",".",".",0.0743092753810776,0
"EAGLE 20'","0",1.5,21,16,85,"0","SOFT","FULL FLAVOR",".",".",0.241554524949194,0
"EAGLE 20'","0",1,15,20,100,"1","HARD","FULL FLAVOR",".",".",0.0997518335350895,0
"EAGLE 20'","0",0.8,10,16,100,"1","HARD","LIGHT",".",".",0.0864575343082639,0
"EAGLE 20'","0",1,15,20,100,"1","SOFT","FULL FLAVOR",".",".",0.0997518335350895,0
"EAGLE 20'","0",0.8,10,16,100,"1","SOFT","LIGHT",".",".",0.0864575343082639,0
"EAGLE 20'","0",0.5,5,7,100,"1","SOFT","ULTRA LIGHT",".",".",0.0695117458763684,0
"Eclipse","0",0.2,5,5,83,"1","HARD","ULTRA LIGHT","","",0.0653817366728629,0
"ENGLISH O","0",1.4,22,14,84,"0","HARD","REGULAR","","FSC",0.229175773504901,1
"ENGLISH O","0",1.3,19,10,84,"0","HARD","REGULAR","","",0.215545453369962,0
"EVE LT 12","0",1,12,12,120,"1","HARD","LIGHT",".",".",0.0830971021598127,0
"EVE LT 12","0",1.1,12,11,120,"1","HARD","LIGHT",".",".",0.0893053706165211,0
"EVE UL 12","0",0.5,6,5,120,"1","HARD","ULTRA LIGHT",".",".",0.0575830021899276,0
"EVE UL 12","0",0.6,6,5,120,"1","HARD","ULTRA LIGHT",".",".",0.0620140097358237,0
"First Choice","0",0.8,11,13,83,"1","HARD","LIGHT","","",0.100940245088718,1
"First Choice","0",0.9,15,16,84,"1","SOFT","FULL FLAVOR","","",0.107357153726951,0
"First Choice","0",0.7,10,12,84,"1","SOFT","LIGHT","","",0.0931541473423325,0
"First Choice","0",0.4,4,6,84,"1","SOFT","ULTRA LIGHT","","",0.0750035765321683,0
"First Choice","0",1.2,20,14,84,"0","SOFT","FULL FLAVOR","","",0.202512821078609,0
"First Choice","0",0.9,14,16,98,"1","HARD","FULL FLAVOR","","",0.0945990806011911,0
"First Choice","0",0.8,10,12,98,"1","HARD","LIGHT","","",0.0880583914003581,0
"First Choice","0",0.9,14,17,99,"1","SOFT","FULL FLAVOR","","",0.093741768646458,0
"First Choice","0",0.8,10,11,99,"1","SOFT","LIGHT","","",0.0872546425209806,0
"First Choice","0",0.4,5,7,99,"1","SOFT","ULTRA LIGHT","","",0.0651917129210431,0
"Gold Coast","0",0.9,15,15,83,"1","HARD","FULL FLAVOR","","",0.108324101065906,0
"Gold Coast","0",0.8,11,13,83,"1","HARD","LIGHT","","",0.100940245088718,0
"Gold Coast","0",0.9,15,16,84,"1","SOFT","FULL FLAVOR","","",0.107357153726951,0
"Gold Coast","0",0.7,10,12,84,"1","SOFT","LIGHT","","",0.0931541473423325,0
"Gold Coast","0",0.9,14,17,99,"1","SOFT","FULL FLAVOR","","",0.093741768646458,0
"Gold Coast","0",0.8,10,11,99,"1","SOFT","LIGHT","","",0.0872546425209806,0
"Gold Coast","0",0.4,5,7,99,"1","SOFT","ULTRA LIGHT","","",0.0651917129210431,0
"Gold Coast","0",0.9,14,16,100,"1","HARD","FULL FLAVOR","","",0.0928914290284857,0
"Gold Coast","0",0.8,10,12,100,"1","HARD","LIGHT","","",0.0864575343082639,0
"GPC","0",0.5,6,7,83,"1","HARD","ULTRA LIGHT","","",0.081408786328334,0
"GPC","0",0.4,6,6,83,"1","SOFT","ULTRA LIGHT","","",0.0757038342917954,0
"GPC","0",0.9,14,14,85,"1","HARD","FULL FLAVOR","","",0.106397807847815,0
"GPC","0",0.7,9,11,85,"1","HARD","LIGHT","","",0.0923085951536482,0
"GPC","0",0.9,14,14,85,"1","SOFT","FULL FLAVOR","","",0.106397807847815,0
"GPC","0",0.6,9,11,85,"1","SOFT","LIGHT","","",0.0859112457179284,0
"GPC","0",1.2,20,13,85,"0","SOFT","FULL FLAVOR","","",0.200894530048015,0
"GPC","0",0.9,14,14,100,"1","HARD","FULL FLAVOR","","",0.0928914290284857,0
"GPC","0",0.8,10,11,100,"1","HARD","LIGHT","","",0.0864575343082639,0
"GPC","0",0.5,6,7,100,"1","HARD","ULTRA LIGHT","","",0.0695117458763684,0
"GPC","0",0.9,14,15,100,"1","SOFT","FULL FLAVOR","","",0.0928914290284857,0
"GPC","0",0.8,10,12,100,"1","SOFT","LIGHT","","",0.0864575343082639,1
"GPC","0",0.5,6,7,100,"1","SOFT","ULTRA LIGHT","","",0.0695117458763684,0
"GRAND PR","0",0.9,14,18,85,"1","HARD","FULL FLAVOR",".",".",0.106397807847815,1
"GRAND PR","0",1,14,19,85,"1","HARD","FULL FLAVOR",".",".",0.114130209517494,0
"GRAND PR","0",0.8,10,13,85,"1","HARD","LIGHT",".",".",0.0991306590445453,0
"GRAND PR","0",0.8,10,14,85,"1","HARD","LIGHT",".",".",0.0991306590445453,0
"GRAND PR","0",0.9,14,18,85,"1","SOFT","FULL FLAVOR",".",".",0.106397807847815,0
"GRAND PR","0",0.8,10,13,85,"1","SOFT","LIGHT",".",".",0.0991306590445453,0
"GRAND PR","0",1.5,20,14,85,"0","SOFT","FULL FLAVOR",".",".",0.241554524949194,0
"GRAND PR","0",1.7,24,19,85,"0","SOFT","FULL FLAVOR",".",".",0.271607070044441,0
"GRAND PR","0",1,15,20,100,"1","HARD","FULL FLAVOR",".",".",0.0997518335350895,0
"GRAND PR","0",1,15,21,100,"1","HARD","FULL FLAVOR",".",".",0.0997518335350895,0
"GRAND PR","0",0.8,10,15,100,"1","HARD","LIGHT",".",".",0.0864575343082639,0
"GRAND PR","0",0.8,10,15,100,"1","HARD","LIGHT",".",".",0.0864575343082639,0
"GRAND PR","0",0.5,5,7,100,"1","HARD","ULTRA LIGHT",".",".",0.0695117458763684,0
"GRAND PR","0",0.5,5,7,100,"1","HARD","ULTRA LIGHT",".",".",0.0695117458763684,0
"GRAND PR","0",1,15,20,100,"1","SOFT","FULL FLAVOR",".",".",0.0997518335350895,0
"GRAND PR","0",1,15,21,100,"1","SOFT","FULL FLAVOR",".",".",0.0997518335350895,0
"GRAND PR","0",0.8,10,15,100,"1","SOFT","LIGHT",".",".",0.0864575343082639,0
"GRAND PR","0",0.8,10,15,100,"1","SOFT","LIGHT",".",".",0.0864575343082639,0
"GRAND PR","0",0.5,5,7,100,"1","SOFT","ULTRA LIGHT",".",".",0.0695117458763684,0
"GRAND PR","0",0.5,5,7,100,"1","SOFT","ULTRA LIGHT",".",".",0.0695117458763684,0
"Highway","0",0.9,15,15,83,"1","HARD","FULL FLAVOR","","",0.108324101065906,0
"Highway","0",0.8,11,13,83,"1","HARD","LIGHT","","",0.100940245088718,0
"Highway","0",0.4,5,8,83,"1","HARD","ULTRA LIGHT","","",0.0757038342917954,0
"Highway","0",0.9,14,17,99,"1","SOFT","FULL FLAVOR","","",0.093741768646458,0
"Highway","0",0.8,10,11,99,"1","SOFT","LIGHT","","",0.0872546425209806,0
"Highway","0",0.8,10,12,100,"1","HARD","LIGHT","","",0.0864575343082639,0
"Jacks","0",0.9,15,15,83,"1","HARD","FULL FLAVOR","","",0.108324101065906,1
"Jacks","0",0.8,11,13,83,"1","HARD","LIGHT","","",0.100940245088718,0
"Jacks","0",0.9,15,16,84,"1","SOFT","FULL FLAVOR","","",0.107357153726951,0
"Jacks","0",0.7,10,12,84,"1","SOFT","LIGHT","","",0.0931541473423325,0
"Jacks","0",0.4,4,6,84,"1","SOFT","ULTRA LIGHT","","",0.0750035765321683,0
"Jacks","0",1.2,20,14,84,"0","SOFT","FULL FLAVOR","","",0.202512821078609,0
"Jacks","0",0.5,7,9,98,"1","HARD","LIGHT","","",0.0708231582012091,0
"Jacks","0",0.8,10,12,98,"1","HARD","LIGHT","","",0.0880583914003581,0
"Jacks","0",0.9,14,17,99,"1","SOFT","FULL FLAVOR","","",0.093741768646458,0
"Jacks","0",0.8,10,11,99,"1","SOFT","LIGHT","","",0.0872546425209806,0
"Jacks","0",0.4,5,7,99,"1","SOFT","ULTRA LIGHT","","",0.0651917129210431,0
"KENT","0",0.9,12,12,80,"1","HARD","REGULAR","KING,F,H","",0.111270964100652,0
"KENT","0",1,13,13,85,"1","SOFT","REGULAR","KING,F,S","",0.114130209517494,0
"KENT","0",1.1,14,13,100,"1","SOFT","REGULAR","100's,F,S","",0.107059108217245,0
"KENT GOL","0",0.7,8,9,80,"1","HARD","LIGHT","King,F,HP","",0.096606210378192,0
"KENT GOL","0",0.8,8,10,85,"1","SOFT","LIGHT","KING,F,S","",0.0991306590445453,0
"KENT GOL","0",0.9,10,10,100,"1","HARD","LIGHT","100's,F,H","",0.0928914290284857,0
"KENT GOL","0",0.9,10,10,100,"1","SOFT","LIGHT","100's,F,S","",0.0928914290284857,0
"KENT III","0",0.5,5,6,85,"1","SOFT","ULTRA LIGHT","ULTRA LIG","",0.0799182217846762,0
"KENT III","0",0.6,6,6,100,"1","HARD","ULTRA LIGHT","ULTRA LIG","",0.0747878258416098,0
"KENT III","0",0.6,6,6,100,"1","SOFT","ULTRA LIGHT","ULTRA LIG","",0.0747878258416098,0
"KINGSPOR","0",1,14,19,85,"1","HARD","FULL FLAVOR",".",".",0.114130209517494,0
"KINGSPOR","0",0.8,10,14,85,"1","HARD","LIGHT",".",".",0.0991306590445453,0
"KINGSPOR","0",0.5,5,6,85,"1","HARD","ULTRA LIGHT",".",".",0.0799182217846762,0
"KINGSPOR","0",0.9,14,18,85,"1","SOFT","FULL FLAVOR",".",".",0.106397807847815,0
"KINGSPOR","0",0.8,10,13,85,"1","SOFT","LIGHT",".",".",0.0991306590445453,0
"KINGSPOR","0",0.5,5,5,85,"1","SOFT","ULTRA LIGHT",".",".",0.0799182217846762,0
"KINGSPOR","0",1.5,20,14,85,"0","SOFT","FULL FLAVOR",".",".",0.241554524949194,1
"KINGSPOR","0",1,15,20,100,"1","HARD","FULL FLAVOR",".",".",0.0997518335350895,0
"KINGSPOR","0",0.8,10,15,100,"1","HARD","LIGHT",".",".",0.0864575343082639,0
"KINGSPOR","0",0.4,5,7,100,"1","HARD","ULTRA LIGHT",".",".",0.0645818978372697,0
"KINGSPOR","0",1,15,20,100,"1","SOFT","FULL FLAVOR",".",".",0.0997518335350895,1
"KINGSPOR","0",0.8,10,15,100,"1","SOFT","LIGHT",".",".",0.0864575343082639,0
"KINGSPOR","0",0.5,5,7,100,"1","SOFT","ULTRA LIGHT",".",".",0.0695117458763684,0
"L&M","0",1,16,16,83,"1","HARD","FULL FLAVOR","","FSC",0.116178294460809,0
"L&M","0",0.9,15,14,83,"1","HARD","FULL FLAVOR","","",0.108324101065906,0
"L&M","0",0.7,11,14,83,"1","HARD","LIGHT","","FSC",0.0940066426827235,0
"L&M","0",0.7,10,12,83,"1","HARD","LIGHT","","OTHR-UST",0.0940066426827235,0
"L&M","0",0.7,10,12,83,"1","HARD","LIGHT","","PR",0.0940066426827235,0
"L&M","0",0.7,11,13,83,"1","HARD","LIGHT","","",0.0940066426827235,0
"L&M","0",0.8,13,12,83,"1","HARD","REGULAR","","OTHR-UST",0.100940245088718,0
"L&M","0",0.8,13,12,83,"1","HARD","REGULAR","","PR",0.100940245088718,0
"L&M","0",0.9,13,13,84,"1","SOFT","REGULAR","","FSC",0.107357153726951,0
"L&M","0",0.9,13,12,84,"1","SOFT","REGULAR","","",0.107357153726951,0
"L&M","0",0.9,14,16,98,"1","HARD","FULL FLAVOR","","FSC",0.0945990806011911,0
"L&M","0",0.9,15,16,98,"1","HARD","FULL FLAVOR","","",0.0945990806011911,0
"L&M","0",0.7,12,15,98,"1","HARD","LIGHT","","FSC",0.0819290109674311,0
"L&M","0",0.7,11,14,98,"1","HARD","LIGHT","","",0.0819290109674311,1
"L&M","0",0.9,13,13,99,"1","SOFT","REGULAR","","",0.093741768646458,0
"LARK","0",0.8,9,9,84,"1","SOFT","LIGHT","","FSC",0.100031814997055,0
"LARK","0",0.7,9,8,84,"1","SOFT","LIGHT","","",0.0931541473423325,0
"LARK","0",1,12,12,84,"1","SOFT","REGULAR","","FSC",0.115150291160538,0
"LARK","0",0.9,12,11,84,"1","SOFT","REGULAR","","",0.107357153726951,0
"LARK","0",0.8,10,11,99,"1","SOFT","LIGHT","","FSC",0.0872546425209806,0
"LARK","0",0.8,10,10,99,"1","SOFT","LIGHT","","",0.0872546425209806,1
"LARK","0",1,12,14,99,"1","SOFT","REGULAR","","FSC",0.10065800538295,1
"LARK","0",1,13,12,99,"1","SOFT","REGULAR","","",0.10065800538295,0
"Legend","0",0.9,15,16,84,"1","SOFT","FULL FLAVOR","","",0.107357153726951,0
"Legend","0",0.7,10,12,84,"1","SOFT","LIGHT","","",0.0931541473423325,0
"Legend","0",0.4,4,6,84,"1","SOFT","ULTRA LIGHT","","",0.0750035765321683,0
"Legend","0",1.2,20,14,84,"0","SOFT","FULL FLAVOR","","",0.202512821078609,0
"Legend","0",0.9,15,15,85,"1","HARD","FULL FLAVOR","","",0.106397807847815,0
"Legend","0",0.8,11,13,85,"1","HARD","LIGHT","","",0.0991306590445453,0
"Legend","0",0.9,14,16,98,"1","HARD","FULL FLAVOR","","",0.0945990806011911,0
"Legend","0",0.8,10,12,98,"1","HARD","LIGHT","","",0.0880583914003581,0
"Legend","0",0.9,14,17,99,"1","SOFT","FULL FLAVOR","","",0.093741768646458,0
"Legend","0",0.8,10,11,99,"1","SOFT","LIGHT","","",0.0872546425209806,0
"Legend","0",0.4,5,7,99,"1","SOFT","ULTRA LIGHT","","",0.0651917129210431,0
"Legend","0",0.4,5,8,100,"1","HARD","ULTRA LIGHT","","",0.0645818978372697,0
"LIGGETT S","0",0.9,14,17,85,"1","HARD","FULL FLAVOR",".",".",0.106397807847815,0
"LIGGETT S","0",1,14,19,85,"1","HARD","FULL FLAVOR",".",".",0.114130209517494,0
"LIGGETT S","0",0.7,10,13,85,"1","HARD","LIGHT",".",".",0.0923085951536482,0
"LIGGETT S","0",0.8,10,14,85,"1","HARD","LIGHT",".",".",0.0991306590445453,0
"LIGGETT S","0",0.4,5,6,85,"1","HARD","ULTRA LIGHT",".",".",0.0743092753810776,0
"LIGGETT S","0",0.9,14,17,85,"1","SOFT","FULL FLAVOR",".",".",0.106397807847815,0
"LIGGETT S","0",1,14,19,85,"1","SOFT","FULL FLAVOR",".",".",0.114130209517494,0
"LIGGETT S","0",0.7,10,13,85,"1","SOFT","LIGHT",".",".",0.0923085951536482,0
"LIGGETT S","0",0.8,10,14,85,"1","SOFT","LIGHT",".",".",0.0991306590445453,0
"LIGGETT S","0",1.5,20,14,85,"0","SOFT","FULL FLAVOR",".",".",0.241554524949194,0
"LIGGETT S","0",1.7,24,19,85,"0","SOFT","FULL FLAVOR",".",".",0.271607070044441,0
"LIGGETT S","0",1,15,19,100,"1","HARD","FULL FLAVOR",".",".",0.0997518335350895,0
"LIGGETT S","0",1,15,21,100,"1","HARD","FULL FLAVOR",".",".",0.0997518335350895,1
"LIGGETT S","0",0.8,10,15,100,"1","HARD","LIGHT",".",".",0.0864575343082639,0
"LIGGETT S","0",0.8,10,15,100,"1","HARD","LIGHT",".",".",0.0864575343082639,0
"LIGGETT S","0",0.4,5,7,100,"1","HARD","ULTRA LIGHT",".",".",0.0645818978372697,0
"LIGGETT S","0",0.5,5,7,100,"1","HARD","ULTRA LIGHT",".",".",0.0695117458763684,0
"LIGGETT S","0",0.5,5,7,100,"1","HARD","ULTRA LIGHT",".",".",0.0695117458763684,0
"LIGGETT S","0",1,15,19,100,"1","SOFT","FULL FLAVOR",".",".",0.0997518335350895,0
"LIGGETT S","0",1,15,21,100,"1","SOFT","FULL FLAVOR",".",".",0.0997518335350895,0
"LIGGETT S","0",0.8,10,15,100,"1","SOFT","LIGHT",".",".",0.0864575343082639,0
"LIGGETT S","0",0.8,10,15,100,"1","SOFT","LIGHT",".",".",0.0864575343082639,0
"LIGGETT S","0",0.5,5,7,100,"1","SOFT","ULTRA LIGHT",".",".",0.0695117458763684,0
"LIGGETT S","0",0.5,5,7,100,"1","SOFT","ULTRA LIGHT",".",".",0.0695117458763684,0
"Lucky Strik","0",1.2,21,12,70,"1","SOFT","FULL FLAVOR","","",0.149213445194021,1
"MALIBU","0",0.7,8,10,100,"1","HARD","LIGHT","SLIM",".",0.0804297553022341,0
"MALIBU","0",0.5,6,7,100,"1","HARD","ULTRA LIGHT","SLIM",".",0.0695117458763684,0
"MALIBU","0",0.9,10,12,100,"1","SOFT","LIGHT",".","",0.0928914290284857,0
"MALIBU","0",0.6,6,9,100,"1","SOFT","ULTRA LIGHT",".","",0.0747878258416098,0
"MALIBU","0",0.9,10,10,120,"1","SOFT","LIGHT",".","",0.0772837906603139,0
"Marker","0",0.9,15,16,84,"1","SOFT","FULL FLAVOR","","",0.107357153726951,0
"Marker","0",0.7,10,12,84,"1","SOFT","LIGHT","","",0.0931541473423325,0
"Marker","0",0.9,14,17,99,"1","SOFT","FULL FLAVOR","","",0.093741768646458,0
"Marker","0",0.8,10,11,99,"1","SOFT","LIGHT","","",0.0872546425209806,0
"Marker","0",0.4,5,7,99,"1","SOFT","ULTRA LIGHT","","",0.0651917129210431,1
"MARLBOR","0",0.7,10,10,72,"1","HARD","LIGHT","","FSC",0.103854413812321,0
"MARLBOR","0",0.7,10,9,72,"1","HARD","LIGHT","","",0.103854413812321,0
"MARLBOR","0",0.9,13,12,72,"1","HARD","REGULAR","RED","FSC",0.119473928530869,0
"MARLBOR","0",0.9,13,11,72,"1","HARD","REGULAR","RED","",0.119473928530869,0
"MARLBOR","0",1.1,15,14,79,"1","HARD","REGULAR","","FSC",0.128971613196244,0
"MARLBOR","0",1.1,15,13,79,"1","HARD","REGULAR","","PR",0.128971613196244,0
"MARLBOR","0",1,15,13,79,"1","HARD","REGULAR","","",0.120370323585254,0
"MARLBOR","0",0.8,11,12,83,"1","HARD","LIGHT","","FSC",0.100940245088718,0
"MARLBOR","0",0.8,11,13,83,"1","HARD","LIGHT","","PR",0.100940245088718,0
"MARLBOR","0",0.8,11,11,83,"1","HARD","LIGHT","","",0.100940245088718,0
"MARLBOR","0",0.9,11,12,83,"1","HARD","MEDIUM","","FSC",0.108324101065906,0
"MARLBOR","0",0.9,12,12,83,"1","HARD","MEDIUM","","PR",0.108324101065906,0
"MARLBOR","0",0.8,11,11,83,"1","HARD","MEDIUM","","",0.100940245088718,0
"MARLBOR","0",0.5,6,8,83,"1","HARD","ULTRA LIGHT","","FSC",0.081408786328334,0
"MARLBOR","0",0.5,6,7,83,"1","HARD","ULTRA LIGHT","","",0.081408786328334,0
"MARLBOR","0",0.5,6,8,83,"1","HARD","ULTRA LIGHT","","",0.081408786328334,0
"MARLBOR","0",0.9,13,13,83,"1","HARD","REGULAR","BLEND 27","FSC",0.108324101065906,0
"MARLBOR","0",0.9,13,13,83,"1","HARD","REGULAR","BLEND 27","PR",0.108324101065906,0
"MARLBOR","0",0.8,12,12,83,"1","HARD","REGULAR","BLEND 27","",0.100940245088718,0
"MARLBOR","0",0.4,4,6,83,"1","HARD","REGULAR","ULTRA-SM","ATLANTA",0.0757038342917954,0
"MARLBOR","0",0.5,5,6,83,"1","HARD","REGULAR","ULTRA-SM","SLT LAKE",0.081408786328334,0
"MARLBOR","0",0.4,5,6,83,"1","HARD","REGULAR","ULTRA-SM","TAMPA",0.0757038342917954,0
"MARLBOR","0",1,11,11,83,"1","HARD","REGULAR","VA BLEND","FSC",0.116178294460809,0
"MARLBOR","0",0.9,11,11,83,"1","HARD","REGULAR","VA BLEND","",0.108324101065906,1
"MARLBOR","0",0.8,11,12,84,"1","HARD","LIGHT","","FSC",0.100031814997055,0
"MARLBOR","0",0.8,11,11,84,"1","HARD","LIGHT","","",0.100031814997055,0
"MARLBOR","0",1.1,15,15,84,"1","HARD","REGULAR","","FSC",0.123430914388862,0
"MARLBOR","0",1.1,15,13,84,"1","HARD","REGULAR","","",0.123430914388862,0
"MARLBOR","0",0.8,11,12,84,"1","SOFT","LIGHT","","FSC",0.100031814997055,0
"MARLBOR","0",0.8,11,12,84,"1","SOFT","LIGHT","","",0.100031814997055,0
"MARLBOR","0",0.9,12,13,84,"1","SOFT","MEDIUM","","FSC",0.107357153726951,0
"MARLBOR","0",0.9,12,13,84,"1","SOFT","MEDIUM","","",0.107357153726951,0
"MARLBOR","0",0.9,13,14,84,"1","SOFT","REGULAR","BLEND 27","FSC",0.107357153726951,0
"MARLBOR","0",0.8,12,12,84,"1","SOFT","REGULAR","BLEND 27","",0.100031814997055,0
"MARLBOR","0",1.1,16,15,84,"1","SOFT","REGULAR","","FSC",0.123430914388862,0
"MARLBOR","0",1.1,15,13,84,"1","SOFT","REGULAR","","",0.123430914388862,0
"MARLBOR","0",0.8,10,12,98,"1","HARD","LIGHT","","FSC",0.0880583914003581,0
"MARLBOR","0",0.8,10,11,98,"1","HARD","LIGHT","","",0.0880583914003581,0
"MARLBOR","0",1,13,14,98,"1","HARD","MEDIUM","","FSC",0.101571480360385,0
"MARLBOR","0",1,13,12,98,"1","HARD","MEDIUM","","",0.101571480360385,0
"MARLBOR","0",0.5,6,8,98,"1","HARD","ULTRA LIGHT","","FSC",0.0708231582012091,0
"MARLBOR","0",0.5,5,8,98,"1","HARD","ULTRA LIGHT","","",0.0708231582012091,0
"MARLBOR","0",0.5,6,7,98,"1","HARD","ULTRA LIGHT","","",0.0708231582012091,1
"MARLBOR","0",0.9,11,12,98,"1","HARD","REGULAR","VA BLEND","FSC",0.0945990806011911,0
"MARLBOR","0",1,11,12,98,"1","HARD","REGULAR","VA BLEND","",0.101571480360385,0
"MARLBOR","0",1.2,15,15,98,"1","HARD","REGULAR","","FSC",0.116892432187196,0
"MARLBOR","0",1.1,15,13,98,"1","HARD","REGULAR","","",0.108995913693898,0
"MARLBOR","0",0.9,11,13,99,"1","SOFT","LIGHT","","FSC",0.093741768646458,0
"MARLBOR","0",0.8,10,11,99,"1","SOFT","LIGHT","","",0.0872546425209806,0
"MARLBOR","0",1.1,14,15,99,"1","SOFT","MEDIUM","","FSC",0.108023695971389,0
"MARLBOR","0",1,13,12,99,"1","SOFT","MEDIUM","","",0.10065800538295,0
"MARLBOR","0",1.2,16,16,99,"1","SOFT","REGULAR","","FSC",0.115858938196088,0
"MARLBOR","0",1.1,16,14,99,"1","SOFT","REGULAR","","OTHR-UST",0.108023695971389,0
"MARLBOR","0",1.1,15,13,99,"1","SOFT","REGULAR","","",0.108023695971389,0
"Marshall M","0",1,14,13,83,"1","HARD","LIGHT","","",0.116178294460809,0
"Marshall M","0",1.1,14,12,83,"1","HARD","LIGHT","","",0.124522439599036,0
"Marshall M","0",1.1,14,13,83,"1","HARD","LIGHT","","",0.124522439599036,0
"Marshall M","0",1.1,15,13,83,"1","HARD","LIGHT","","",0.124522439599036,0
"Marshall M","0",1.2,14,14,83,"1","HARD","LIGHT","","",0.133375439262141,0
"Marshall M","0",1.2,14,14,83,"1","HARD","LIGHT","","",0.133375439262141,0
"Marshall M","0",1.2,14,15,83,"1","HARD","LIGHT","","",0.133375439262141,0
"Marshall M","0",1.2,14,15,83,"1","HARD","LIGHT","","",0.133375439262141,0
"Marshall M","0",1.2,14,15,83,"1","HARD","LIGHT","","",0.133375439262141,0
"Marshall M","0",1.2,17,16,83,"1","HARD","LIGHT","","",0.133375439262141,0
"Marshall M","0",1.3,14,13,83,"1","HARD","LIGHT","","",0.142755216999958,0
"Marshall M","0",1.3,14,13,83,"1","HARD","LIGHT","","",0.142755216999958,0
"Marshall M","0",1.4,13,11,83,"1","HARD","LIGHT","","",0.152678424833699,1
"MAVERICK","0",0.8,11,10,80,"1","HARD","LIGHT","KING,F,H","",0.103709599813331,0
"MAVERICK","0",0.9,15,15,80,"1","HARD","REGULAR","KING,F,H","",0.111270964100652,0
"MAVERICK","0",0.8,10,11,85,"1","HARD","LIGHT","100,F,HP","",0.0991306590445453,0
"MAVERICK","0",0.7,9,11,85,"1","HARD","LIGHT","KING,F,H","",0.0923085951536482,0
"MAVERICK","0",1.2,17,16,85,"1","HARD","REGULAR","100,F,HP","",0.131069147984027,0
"MAVERICK","0",1.1,18,16,85,"1","HARD","REGULAR","KING,F,H","",0.122347620031111,0
"MAVERICK","0",0.8,11,11,85,"1","SOFT","LIGHT","KING,F,S","",0.0991306590445453,0
"MAVERICK","0",1,15,16,85,"1","SOFT","REGULAR","KING,F,S","",0.114130209517494,0
"MAVERICK","0",0.7,9,11,100,"1","HARD","LIGHT","100,F,HP","",0.0804297553022341,0
"MAVERICK","0",1.3,19,18,100,"1","HARD","REGULAR","100,F,HP","",0.123094398423572,0
"MAVERICK","0",0.8,10,11,100,"1","SOFT","LIGHT","100,F,SP,","",0.0864575343082639,0
"MAVERICK","0",1.2,17,16,100,"1","SOFT","REGULAR","100,F,SP","",0.114833393564606,0
"MAX","0",1.5,18,15,120,"1","SOFT","REGULAR","120,F,SP","",0.118494670193915,0
"MERIDIAN","0",0.9,14,19,85,"1","HARD","FULL FLAVOR",".",".",0.106397807847815,1
"MERIDIAN","0",0.8,10,14,85,"1","HARD","LIGHT",".",".",0.0991306590445453,0
"MERIDIAN","0",0.9,14,19,85,"1","SOFT","FULL FLAVOR",".",".",0.106397807847815,0
"MERIDIAN","0",0.8,10,14,85,"1","SOFT","LIGHT",".",".",0.0991306590445453,0
"MERIDIAN","0",0.5,6,7,85,"1","SOFT","ULTRA LIGHT",".",".",0.0799182217846762,0
"MERIDIAN","0",1.7,23,18,85,"0","SOFT","FULL FLAVOR",".",".",0.271607070044441,0
"MERIDIAN","0",1,15,21,100,"1","SOFT","FULL FLAVOR",".",".",0.0997518335350895,0
"MERIDIAN","0",0.8,10,15,100,"1","SOFT","LIGHT",".",".",0.0864575343082639,0
"MERIDIAN","0",0.5,5,7,100,"1","SOFT","ULTRA LIGHT",".",".",0.0695117458763684,0
"MERIT","0",0.6,7,9,83,"1","HARD","LIGHT","RC BOX","FSC",0.087502956541902,0
"MERIT","0",0.6,8,10,83,"1","HARD","LIGHT","RC BOX","PR",0.087502956541902,0
"MERIT","0",0.6,7,9,83,"1","HARD","LIGHT","RC BOX","",0.087502956541902,0
"MERIT","0",0.2,1,3,83,"1","HARD","ULTRA LIGHT","RC BOX","FSC",0.0653817366728629,0
"MERIT","0",0.1,1,3,83,"1","HARD","ULTRA LIGHT","RC BOX","",0.0607256777483996,0
"MERIT","0",0.4,4,6,83,"1","HARD","ULTRA LIGHT","RC BOX","FSC",0.0757038342917954,0
"MERIT","0",0.4,4,6,83,"1","HARD","ULTRA LIGHT","RC BOX","",0.0757038342917954,0
"MERIT","0",0.6,7,10,84,"1","SOFT","LIGHT","","FSC",0.0867037953608578,1
"MERIT","0",0.6,7,9,84,"1","SOFT","LIGHT","","",0.0867037953608578,0
"MERIT","0",0.2,2,3,84,"1","SOFT","ULTRA LIGHT","","FSC",0.064770267231698,0
"MERIT","0",0.2,1,3,84,"1","SOFT","ULTRA LIGHT","","",0.064770267231698,0
"MERIT","0",0.4,4,6,84,"1","SOFT","ULTRA LIGHT","","FSC",0.0750035765321683,0
"MERIT","0",0.4,5,6,84,"1","SOFT","ULTRA LIGHT","","",0.0750035765321683,0
"MERIT","0",0.3,3,5,98,"1","HARD","ULTRA LIGHT","RC BOX","FSC",0.0611225261755302,0
"MERIT","0",0.3,3,4,98,"1","HARD","ULTRA LIGHT","RC BOX","",0.0611225261755302,0
"MERIT","0",0.5,5,7,98,"1","HARD","ULTRA LIGHT","RC BOX","FSC",0.0708231582012091,0
"MERIT","0",0.5,5,7,98,"1","HARD","ULTRA LIGHT","RC BOX","",0.0708231582012091,0
"MERIT","0",0.8,10,12,99,"1","SOFT","LIGHT","","FSC",0.0872546425209806,0
"MERIT","0",0.8,10,11,99,"1","SOFT","LIGHT","","",0.0872546425209806,0
"MERIT","0",0.3,3,5,99,"1","SOFT","ULTRA LIGHT","","FSC",0.0605483095701408,0
"MERIT","0",0.3,2,4,99,"1","SOFT","ULTRA LIGHT","","",0.0605483095701408,0
"MERIT","0",0.5,6,8,99,"1","SOFT","ULTRA LIGHT","","FSC",0.0701646194186092,0
"MERIT","0",0.5,5,7,99,"1","SOFT","ULTRA LIGHT","","",0.0701646194186092,0
"Misty","0",0.7,8,9,100,"1","HARD","LIGHT","","",0.0804297553022341,0
"Misty","0",0.6,6,6,100,"1","HARD","ULTRA LIGHT","","",0.0747878258416098,0
"Misty","0",1,11,10,120,"1","HARD","LIGHT","","",0.0830971021598127,0
"Monarch","0",0.9,15,15,83,"1","HARD","FULL FLAVOR","","",0.108324101065906,0
"Monarch","0",0.8,11,13,83,"1","HARD","LIGHT","","",0.100940245088718,0
"Monarch","0",0.9,15,16,84,"1","SOFT","FULL FLAVOR","","",0.107357153726951,1
"Monarch","0",0.7,10,12,84,"1","SOFT","LIGHT","","",0.0931541473423325,0
"Monarch","0",0.4,4,6,84,"1","SOFT","ULTRA LIGHT","","",0.0750035765321683,0
"Monarch","0",1.2,20,14,84,"0","SOFT","FULL FLAVOR","","",0.202512821078609,0
"Monarch","0",0.9,14,17,99,"1","SOFT","FULL FLAVOR","","",0.093741768646458,0
"Monarch","0",0.8,10,11,99,"1","SOFT","LIGHT","","",0.0872546425209806,0
"Monarch","0",0.4,5,7,99,"1","SOFT","ULTRA LIGHT","","",0.0651917129210431,0
"MONTCLA","0",1.1,15,14,84,"1","HARD","FULL FLAVOR",".","",0.123430914388862,0
"MONTCLA","0",0.9,11,12,84,"1","HARD","LIGHT",".","",0.107357153726951,0
"MONTCLA","0",1.1,15,14,84,"1","SOFT","FULL FLAVOR",".","",0.123430914388862,0
"MONTCLA","0",0.9,11,12,84,"1","SOFT","LIGHT",".","",0.107357153726951,0
"MONTCLA","0",0.5,6,7,84,"1","SOFT","ULTRA LIGHT",".","",0.0806603630876883,0
"MONTCLA","0",1.2,15,15,100,"1","SOFT","FULL FLAVOR",".","",0.114833393564606,0
"MONTCLA","0",0.9,10,12,100,"1","SOFT","LIGHT",".","",0.0928914290284857,0
"MONTCLA","0",0.5,6,9,100,"1","SOFT","ULTRA LIGHT",".","",0.0695117458763684,0
"MONTEGO","0",1,14,19,85,"1","HARD","FULL FLAVOR",".",".",0.114130209517494,0
"MONTEGO","0",0.8,10,14,85,"1","HARD","LIGHT",".",".",0.0991306590445453,0
"MONTEGO","0",1,14,19,85,"1","SOFT","FULL FLAVOR",".",".",0.114130209517494,0
"MONTEGO","0",0.8,10,14,85,"1","SOFT","LIGHT",".",".",0.0991306590445453,0
"MONTEGO","0",1,15,21,100,"1","HARD","FULL FLAVOR",".",".",0.0997518335350895,0
"MONTEGO","0",0.8,10,15,100,"1","HARD","LIGHT",".",".",0.0864575343082639,0
"MONTEGO","0",0.5,5,7,100,"1","HARD","ULTRA LIGHT",".",".",0.0695117458763684,1
"MONTEGO","0",0.8,10,15,100,"1","SOFT","LIGHT",".",".",0.0864575343082639,0
"More","0",0.8,9,8,98,"1","HARD","LIGHT","","",0.0880583914003581,0
"More","0",1.1,13,19,120,"1","SOFT","FULL FLAVOR","","",0.0893053706165211,0
"More","0",1,12,15,120,"1","SOFT","LIGHT","","WHITE",0.0830971021598127,0
"More","0",0.9,10,17,120,"1","SOFT","LIGHT","","",0.0772837906603139,0
"Mustang","0",0.9,15,15,83,"1","HARD","FULL FLAVOR","","",0.108324101065906,0
"Mustang","0",0.8,11,13,83,"1","HARD","LIGHT","","",0.100940245088718,0
"Mustang","0",0.9,15,16,84,"1","SOFT","FULL FLAVOR","","",0.107357153726951,0
"Mustang","0",0.7,10,12,84,"1","SOFT","LIGHT","","",0.0931541473423325,0
"Mustang","0",0.4,4,6,84,"1","SOFT","ULTRA LIGHT","","",0.0750035765321683,0
"Mustang","0",0.9,14,16,98,"1","HARD","FULL FLAVOR","","",0.0945990806011911,0
"Mustang","0",0.8,10,12,98,"1","HARD","LIGHT","","",0.0880583914003581,0
"Mustang","0",0.4,5,8,98,"1","HARD","ULTRA LIGHT","","",0.065806881099025,0
"Mustang","0",0.9,14,17,99,"1","SOFT","FULL FLAVOR","","",0.093741768646458,0
"Mustang","0",0.8,10,11,99,"1","SOFT","LIGHT","","",0.0872546425209806,0
"Mustang","0",0.4,5,7,99,"1","SOFT","ULTRA LIGHT","","",0.0651917129210431,0
"NATURAL","0",1.32,11.1,9.2,84,"1","HARD","LIGHT","A8","A8",0.14345649401046,0
"NATURAL","0",1.4,12,11.1,84,"1","HARD","LIGHT","A8","IST",0.151382769413171,0
"NATURAL","0",1.13,7.9,7.3,84,"1","HARD","LIGHT","ORGANIC","A8",0.126013024972564,0
"NATURAL","0",1.18,8.7,9.4,84,"1","HARD","LIGHT","ORGANIC","IST",0.130419205457748,0
"NATURAL","0",1.64,13.8,9.1,84,"1","HARD","MEDIUM","A8","A8",0.177326469643453,1
"NATURAL","0",1.47,12.7,11.6,84,"1","HARD","MEDIUM","A8","IST",0.158610297775967,0
"NATURAL","0",1.82,16.4,12,84,"1","HARD","REGULAR","A8","A8",0.19898589397429,0
"NATURAL","0",1.71,17,17.6,84,"1","HARD","REGULAR","A8","IST",0.185521851077164,1
"NATURAL","0",1.78,13.6,10.4,84,"1","HARD","REGULAR","ORGANIC","A8",0.194006672022847,1
"NATURAL","0",1.84,14.8,12.9,84,"1","HARD","REGULAR","ORGANIC","IST",0.201511281373334,0
"NATURAL","0",1.56,15.4,16.8,84,"1","HARD","REGULAR","PERIQUE","IST",0.168311221292716,0
"NATURAL","0",0.82,6.4,6.5,84,"1","HARD","ULTRA LIGHT","A8","A8",0.101460420421339,0
"NATURAL","0",0.74,5.9,6.9,84,"1","HARD","ULTRA LIGHT","A8","IST",0.0958527938168039,0
"NATURAL","0",1.32,11.1,9.2,84,"1","SOFT","LIGHT","A8","A8",0.14345649401046,0
"NATURAL","0",1.4,12,11.1,84,"1","SOFT","LIGHT","A8","IST",0.151382769413171,0
"NATURAL","0",1.82,16.4,12,84,"1","SOFT","REGULAR","A8","A8",0.19898589397429,0
"NATURAL","0",1.71,17,17.6,84,"1","SOFT","REGULAR","A8","IST",0.185521851077164,0
"NATURAL","0",1.6,15,11.9,84,"1","SOFT","REGULAR","PERIQUE","A8",0.172772329728888,1
"NATURAL","0",2.68,27.4,12.8,84,"0","SOFT","REGULAR","A8","A8",0.449239062361675,1
"NATURAL","0",2.89,30.9,16.2,84,"0","SOFT","REGULAR","A8","IST",0.490458753270634,1
"NEWPORT","0",0.8,11,13,100,"1","HARD","LIGHT","100,F,HP","",0.0864575343082639,0
"Now","0",0.2,1,2,84,"1","SOFT","ULTRA LIGHT","","",0.064770267231698,0
"Now","0",0.3,3,4,100,"1","SOFT","ULTRA LIGHT","","",0.0599791428315185,0
"OLD GOLD","0",0.7,10,10,80,"1","HARD","LIGHT","KING,F,H","",0.096606210378192,0
"OLD GOLD","0",1.2,15,15,80,"1","HARD","REGULAR","KING,F,HP","",0.136899171374789,0
"OLD GOLD","0",0.7,10,10,85,"1","SOFT","LIGHT","KING,F,SP","",0.0923085951536482,0
"OLD GOLD","0",1.2,16,16,85,"1","SOFT","REGULAR","KING,F,SP","",0.131069147984027,0
"OLD GOLD","0",0.8,11,11,85,"0","HARD","REGULAR","100,F,HP,L","",0.154975859045461,0
"OLD GOLD","0",2,28,17,85,"0","SOFT","REGULAR","KING,SP,","",0.320832847845073,1
"OLD GOLD","0",1.3,15,17,100,"1","HARD","REGULAR","100,F,HP,","",0.123094398423572,0
"OLD GOLD","0",0.9,11,10,100,"1","SOFT","LIGHT","100,F,SP,L","",0.0928914290284857,0
"OLD GOLD","0",0.7,9,10,100,"1","SOFT","LIGHT","100,F,SP,U","",0.0804297553022341,0
"OLD GOLD","0",1.3,16,17,100,"1","SOFT","REGULAR","100,F,SP","",0.123094398423572,0
"OLD GOLD","0",0.5,4,4,100,"1","SOFT","REGULAR","100,F,SP,U","",0.0695117458763684,0
"Pall Mall","0",0.5,5,6,83,"1","HARD","ULTRA LIGHT","","",0.081408786328334,0
"Pall Mall","0",1.1,14,11,85,"1","HARD","FULL FLAVOR","","",0.122347620031111,0
"Pall Mall","0",0.9,11,9,85,"1","HARD","LIGHT","","",0.106397807847815,0
"Pall Mall","0",1.6,25,15,85,"0","SOFT","FULL FLAVOR","","",0.256292212350237,0
"Pall Mall","0",1.1,13,11,100,"1","HARD","FULL FLAVOR","","",0.107059108217245,0
"Pall Mall","0",0.9,10,9,100,"1","HARD","LIGHT","","",0.0928914290284857,0
"Pall Mall","0",0.5,5,7,100,"1","HARD","ULTRA LIGHT","","",0.0695117458763684,0
"Pall Mall","0",1.2,14,12,100,"1","SOFT","FULL FLAVOR","","",0.114833393564606,0
"PARLIAME","0",1,15,13,79,"1","HARD","FULL FLAVOR","","FSC",0.120370323585254,0
"PARLIAME","0",1,14,12,79,"1","HARD","FULL FLAVOR","","",0.120370323585254,0
"PARLIAME","0",0.7,9,10,79,"1","HARD","LIGHT","","FSC",0.097486900987407,0
"PARLIAME","0",0.7,9,9,79,"1","HARD","LIGHT","","PR",0.097486900987407,0
"PARLIAME","0",0.7,9,9,79,"1","HARD","LIGHT","","",0.097486900987407,0
"PARLIAME","0",0.5,5,7,79,"1","HARD","ULTRA LIGHT","","FSC",0.0844661360175382,0
"PARLIAME","0",0.5,5,6,79,"1","HARD","ULTRA LIGHT","","",0.0844661360175382,1
"PARLIAME","0",0.8,10,11,84,"1","SOFT","LIGHT","","FSC",0.100031814997055,0
"PARLIAME","0",0.7,9,9,84,"1","SOFT","LIGHT","","",0.0931541473423325,0
"PARLIAME","0",1,12,13,98,"1","HARD","LIGHT","RC BOX","FSC",0.101571480360385,0
"PARLIAME","0",1,12,13,98,"1","HARD","LIGHT","RC BOX","",0.101571480360385,0
"PARLIAME","0",0.9,11,12,98,"1","SOFT","LIGHT","","FSC",0.0945990806011911,0
"PARLIAME","0",0.9,11,11,98,"1","SOFT","LIGHT","","",0.0945990806011911,0
"PLAYERS","0",1.1,19,11,70,"0","HARD","REGULAR","NAVY CUT","",0.212687115084888,0
"PLAYERS","0",0.8,11,13,83,"1","HARD","LIGHT","","FSC",0.100940245088718,0
"PLAYERS","0",0.8,11,10,83,"1","HARD","LIGHT","","",0.100940245088718,0
"PLAYERS","0",1,14,14,98,"1","HARD","REGULAR","","FSC",0.101571480360385,1
"PLAYERS","0",1,13,12,98,"1","HARD","REGULAR","","",0.101571480360385,0
"PYRAMID","0",0.9,15,18,85,"1","HARD","FULL FLAVOR",".",".",0.106397807847815,0
"PYRAMID","0",0.8,10,13,85,"1","HARD","LIGHT",".",".",0.0991306590445453,0
"PYRAMID","0",1,14,19,85,"1","SOFT","FULL FLAVOR",".",".",0.114130209517494,0
"PYRAMID","0",0.8,10,14,85,"1","SOFT","LIGHT",".",".",0.0991306590445453,0
"PYRAMID","0",1.7,24,19,85,"0","SOFT","FULL FLAVOR",".",".",0.271607070044441,0
"PYRAMID","0",1,15,21,100,"1","SOFT","FULL FLAVOR",".",".",0.0997518335350895,0
"PYRAMID","0",0.8,10,15,100,"1","SOFT","LIGHT",".",".",0.0864575343082639,0
"PYRAMID","0",0.5,5,7,100,"1","SOFT","ULTRA LIGHT",".",".",0.0695117458763684,0
"QUALITY F","0",1,14,19,85,"1","HARD","FULL FLAVOR",".",".",0.114130209517494,0
"QUALITY F","0",0.9,15,18,85,"1","SOFT","FULL FLAVOR",".",".",0.106397807847815,0
"QUALITY F","0",1,15,21,100,"1","SOFT","FULL FLAVOR",".",".",0.0997518335350895,0
"QUALITY L","0",0.8,10,14,85,"1","SOFT","LIGHT",".",".",0.0991306590445453,0
"QUALITY L","0",0.8,10,15,100,"1","SOFT","LIGHT",".",".",0.0864575343082639,0
"QUALITY N","0",1.7,24,19,85,"0","SOFT","FULL FLAVOR",".",".",0.271607070044441,0
"QUALITY U","0",0.5,5,6,85,"1","SOFT","ULTRA LIGHT",".",".",0.0799182217846762,0
"QUALITY U","0",0.5,5,7,100,"1","SOFT","ULTRA LIGHT",".",".",0.0695117458763684,0
"QUEST 1 L","0",0.5,8,11,85,"1","HARD","LIGHT",".",".",0.0799182217846762,1
"QUEST 1 L","0",0.6,10,19,85,"1","HARD","LIGHT",".",".",0.0859112457179284,0
"QUEST 2 L","0",0.3,8,11,85,"1","HARD","LIGHT",".",".",0.0690644357431002,0
"QUEST 2 L","0",0.4,10,19,85,"1","HARD","LIGHT",".",".",0.0743092753810776,0
"QUEST 3 L","0",0.04,8,12,85,"1","HARD","LIGHT",".",".",0.05699279552152,0
"QUEST 3 L","0",0.05,4,7,85,"1","HARD","LIGHT",".",".",0.0574180320236905,0
"ROTHMAN","0",1.2,13,13,84,"1","HARD","REGULAR","SPECIAL","RED",0.132218031249482,0
"ROTHMAN","0",1.4,16,17,84,"1","HARD","REGULAR","","BLUE",0.151382769413171,0
"SARATOG","0",1,13,13,120,"1","HARD","REGULAR","","FSC",0.0830971021598127,0
"SARATOG","0",1,13,12,120,"1","HARD","REGULAR","","",0.0830971021598127,1
"SATIN","0",0.9,10,11,100,"1","SOFT","REGULAR","100,F,SP","",0.0928914290284857,0
"Signature","0",0.9,15,16,84,"1","SOFT","FULL FLAVOR","","",0.107357153726951,0
"Signature","0",0.7,10,12,84,"1","SOFT","LIGHT","","",0.0931541473423325,0
"Signature","0",0.4,4,6,84,"1","SOFT","ULTRA LIGHT","","",0.0750035765321683,0
"Signature","0",0.9,15,15,85,"1","HARD","FULL FLAVOR","","",0.106397807847815,0
"Signature","0",0.8,11,13,85,"1","HARD","LIGHT","","",0.0991306590445453,0
"Signature","0",0.9,14,17,99,"1","SOFT","FULL FLAVOR","","",0.093741768646458,0
"Signature","0",0.8,10,11,99,"1","SOFT","LIGHT","","",0.0872546425209806,0
"Signature","0",0.4,5,7,99,"1","SOFT","ULTRA LIGHT","","",0.0651917129210431,0
"Signature","0",0.9,14,16,100,"1","HARD","FULL FLAVOR","","",0.0928914290284857,1
"Signature","0",0.8,10,12,100,"1","HARD","LIGHT","","",0.0864575343082639,1
"Signature","0",0.4,5,8,100,"1","HARD","ULTRA LIGHT","","",0.0645818978372697,0
"SILVER EA","0",0.9,14,19,85,"1","HARD","FULL FLAVOR",".",".",0.106397807847815,0
"SILVER EA","0",0.8,10,14,85,"1","HARD","LIGHT",".",".",0.0991306590445453,0
"SILVER EA","0",0.9,14,19,85,"1","SOFT","FULL FLAVOR",".",".",0.106397807847815,0
"SILVER EA","0",0.8,10,14,85,"1","SOFT","LIGHT",".",".",0.0991306590445453,0
"SILVER EA","0",1.7,24,18,85,"0","SOFT","FULL FLAVOR",".",".",0.271607070044441,0
"SILVER EA","0",1,15,21,100,"1","HARD","FULL FLAVOR",".",".",0.0997518335350895,0
"SILVER EA","0",0.8,10,15,100,"1","HARD","LIGHT",".",".",0.0864575343082639,0
"SILVER EA","0",0.5,5,7,100,"1","HARD","ULTRA LIGHT",".",".",0.0695117458763684,0
"SILVER EA","0",1,15,21,100,"1","SOFT","FULL FLAVOR",".",".",0.0997518335350895,0
"SILVER EA","0",0.8,10,15,100,"1","SOFT","LIGHT",".",".",0.0864575343082639,0
"SILVER EA","0",0.5,5,7,100,"1","SOFT","ULTRA LIGHT",".",".",0.0695117458763684,0
"SILVER EA","0",0.8,10,11,120,"1","HARD","LIGHT",".",".",0.0718453004722236,0
"SILVER EA","0",0.5,6,5,120,"1","HARD","ULTRA LIGHT",".",".",0.0575830021899276,0
"SINCEREL","0",0.8,10,15,100,"1","SOFT","LIGHT",".",".",0.0864575343082639,1
"SINCEREL","0",0.5,5,7,100,"1","SOFT","ULTRA LIGHT",".",".",0.0695117458763684,0
"Smoke One","0",0.9,15,15,83,"1","HARD","FULL FLAVOR","","",0.108324101065906,0
"Smoke One","0",0.9,15,16,84,"1","SOFT","FULL FLAVOR","","",0.107357153726951,1
"Smoke One","0",0.7,10,12,84,"1","SOFT","LIGHT","","",0.0931541473423325,0
"Smoke One","0",0.8,10,12,98,"1","HARD","LIGHT","","",0.0880583914003581,0
"Smoke One","0",0.9,14,17,99,"1","SOFT","FULL FLAVOR","","",0.093741768646458,0
"Smoke One","0",0.8,10,11,99,"1","SOFT","LIGHT","","",0.0872546425209806,0
"Smoke One","0",0.4,5,7,99,"1","SOFT","ULTRA LIGHT","","",0.0651917129210431,0
"Smoke One","0",0.9,14,16,100,"1","HARD","FULL FLAVOR","","",0.0928914290284857,0
"SONOMA","0",1.1,15,14,84,"1","HARD","FULL FLAVOR",".","",0.123430914388862,0
"SONOMA","0",0.9,11,12,84,"1","HARD","LIGHT",".","",0.107357153726951,0
"SONOMA","0",1.4,22,15,84,"0","SOFT","FULL FLAVOR",".","",0.229175773504901,1
"SONOMA","0",1.1,15,15,100,"1","HARD","FULL FLAVOR",".","",0.107059108217245,0
"SONOMA","0",1.2,15,15,100,"1","HARD","FULL FLAVOR",".","",0.114833393564606,0
"SONOMA","0",0.9,10,12,100,"1","HARD","LIGHT",".","",0.0928914290284857,0
"SONOMA","0",1.2,15,15,100,"1","SOFT","FULL FLAVOR",".","",0.114833393564606,0
"SONOMA","0",0.9,10,12,100,"1","SOFT","LIGHT",".","",0.0928914290284857,0
"SONOMA","0",0.6,6,9,100,"1","SOFT","ULTRA LIGHT",".","",0.0747878258416098,0
"State Expre","0",1.2,12,14,83,"1","HARD","FULL FLAVOR","","",0.133375439262141,0
"State Expre","0",0.9,9,9,83,"1","HARD","LIGHT","","",0.108324101065906,0
"State Expre","0",1.1,12,14,100,"1","HARD","FULL FLAVOR","","",0.107059108217245,0
"Sundance","0",0.9,15,15,83,"1","HARD","FULL FLAVOR","","",0.108324101065906,0
"Sundance","0",0.8,11,13,83,"1","HARD","LIGHT","","",0.100940245088718,0
"Sundance","0",0.9,15,16,84,"1","SOFT","FULL FLAVOR","","",0.107357153726951,0
"Sundance","0",0.7,10,12,84,"1","SOFT","LIGHT","","",0.0931541473423325,0
"Sundance","0",0.4,4,6,84,"1","SOFT","ULTRA LIGHT","","",0.0750035765321683,0
"Sundance","0",1.2,20,14,84,"0","SOFT","FULL FLAVOR","","",0.202512821078609,1
"Sundance","0",0.9,14,16,98,"1","HARD","FULL FLAVOR","","",0.0945990806011911,0
"Sundance","0",0.8,10,12,98,"1","HARD","LIGHT","","",0.0880583914003581,1
"Sundance","0",0.9,14,17,99,"1","SOFT","FULL FLAVOR","","",0.093741768646458,0
"Sundance","0",0.8,10,11,99,"1","SOFT","LIGHT","","",0.0872546425209806,0
"Sundance","0",0.4,5,7,99,"1","SOFT","ULTRA LIGHT","","",0.0651917129210431,0
"Tareyton","0",0.9,13,12,85,"1","SOFT","FULL FLAVOR","","",0.106397807847815,0
"Tareyton","0",1,13,14,100,"1","SOFT","FULL FLAVOR","","",0.0997518335350895,1
"Tareyton","0",0.7,9,10,100,"1","SOFT","LIGHT","","",0.0804297553022341,0
"TOURNEY","0",0.9,14,17,85,"1","HARD","FULL FLAVOR",".",".",0.106397807847815,0
"TOURNEY","0",1,14,19,85,"1","HARD","FULL FLAVOR",".",".",0.114130209517494,0
"TOURNEY","0",0.7,10,13,85,"1","HARD","LIGHT",".",".",0.0923085951536482,1
"TOURNEY","0",0.8,10,14,85,"1","HARD","LIGHT",".",".",0.0991306590445453,0
"TOURNEY","0",0.9,14,17,85,"1","SOFT","FULL FLAVOR",".",".",0.106397807847815,0
"TOURNEY","0",1,14,19,85,"1","SOFT","FULL FLAVOR",".",".",0.114130209517494,1
"TOURNEY","0",0.7,10,13,85,"1","SOFT","LIGHT",".",".",0.0923085951536482,0
"TOURNEY","0",0.8,10,14,85,"1","SOFT","LIGHT",".",".",0.0991306590445453,0
"TOURNEY","0",1.5,20,14,85,"0","SOFT","FULL FLAVOR",".",".",0.241554524949194,0
"TOURNEY","0",1.7,24,19,85,"0","SOFT","FULL FLAVOR",".",".",0.271607070044441,0
"TOURNEY","0",1,15,19,100,"1","HARD","FULL FLAVOR",".",".",0.0997518335350895,0
"TOURNEY","0",1,15,21,100,"1","HARD","FULL FLAVOR",".",".",0.0997518335350895,0
"TOURNEY","0",0.8,10,15,100,"1","HARD","LIGHT",".",".",0.0864575343082639,0
"TOURNEY","0",0.8,10,15,100,"1","HARD","LIGHT",".",".",0.0864575343082639,0
"TOURNEY","0",1,15,19,100,"1","SOFT","FULL FLAVOR",".",".",0.0997518335350895,0
"TOURNEY","0",1,15,21,100,"1","SOFT","FULL FLAVOR",".",".",0.0997518335350895,0
"TOURNEY","0",0.8,10,15,100,"1","SOFT","LIGHT",".",".",0.0864575343082639,0
"TOURNEY","0",0.8,10,15,100,"1","SOFT","LIGHT",".",".",0.0864575343082639,0
"TOURNEY","0",0.5,5,7,100,"1","SOFT","ULTRA LIGHT",".",".",0.0695117458763684,0
"TOURNEY","0",0.5,5,7,100,"1","SOFT","ULTRA LIGHT",".",".",0.0695117458763684,0
"TOURNEY","0",0.9,11,11,120,"1","HARD","LIGHT",".",".",0.0772837906603139,0
"TOURNEY","0",1,12,12,120,"1","HARD","LIGHT",".",".",0.0830971021598127,0
"TOURNEY","0",0.5,6,5,120,"1","HARD","ULTRA LIGHT",".",".",0.0575830021899276,0
"TOURNEY","0",0.6,6,5,120,"1","HARD","ULTRA LIGHT",".",".",0.0620140097358237,0
"Tri-Brand","0",0.8,11,13,83,"1","HARD","LIGHT","","",0.100940245088718,0
"Tri-Brand","0",0.9,15,16,84,"1","SOFT","FULL FLAVOR","","",0.107357153726951,0
"Tri-Brand","0",0.7,10,12,84,"1","SOFT","LIGHT","","",0.0931541473423325,0
"Tri-Brand","0",0.4,4,6,84,"1","SOFT","ULTRA LIGHT","","",0.0750035765321683,0
"Tri-Brand","0",1.2,20,14,84,"0","SOFT","FULL FLAVOR","","",0.202512821078609,1
"Tri-Brand","0",0.9,14,17,99,"1","SOFT","FULL FLAVOR","","",0.093741768646458,0
"Tri-Brand","0",0.8,10,11,99,"1","SOFT","LIGHT","","",0.0872546425209806,0
"Tri-Brand","0",0.4,5,7,99,"1","SOFT","ULTRA LIGHT","","",0.0651917129210431,0
"TRUE","0",0.5,5,5,80,"1","HARD","REGULAR","KING,F,H","",0.0836921661962982,0
"TRUE","0",0.5,5,5,85,"1","SOFT","REGULAR","KING,F,S","",0.0799182217846762,0
"TRUE","0",0.6,7,6,100,"1","HARD","REGULAR","100,F,HP","",0.0747878258416098,0
"TRUE","0",0.7,7,7,100,"1","SOFT","REGULAR","100,F,SP","",0.0804297553022341,0
"TRIUMPH","0",0.4,4,5,85,"1","SOFT","REGULAR","KING,F,S","",0.0743092753810776,0
"TUSCANY","0",1.1,15,14,84,"1","HARD","FULL FLAVOR",".","",0.123430914388862,0
"TUSCANY","0",0.9,11,12,84,"1","HARD","LIGHT",".","",0.107357153726951,0
"TUSCANY","0",1.2,15,15,100,"1","HARD","FULL FLAVOR",".","",0.114833393564606,1
"TUSCANY","0",0.9,10,12,100,"1","HARD","LIGHT",".","",0.0928914290284857,0
"TUSCANY","0",0.6,6,9,100,"1","HARD","ULTRA LIGHT",".","",0.0747878258416098,0
"USA - FF 1","0",1,15,20,100,"1","HARD","FULL FLAVOR",".",".",0.0997518335350895,0
"USA - FF 1","0",1,15,20,100,"1","SOFT","FULL FLAVOR",".",".",0.0997518335350895,0
"USA - FF K","0",0.9,14,18,85,"1","HARD","FULL FLAVOR",".",".",0.106397807847815,0
"USA - FF K","0",0.9,14,18,85,"1","SOFT","FULL FLAVOR",".",".",0.106397807847815,1
"USA - LT 1","0",0.8,10,16,100,"1","HARD","LIGHT",".",".",0.0864575343082639,0
"USA - LT 1","0",0.8,10,16,100,"1","SOFT","LIGHT",".",".",0.0864575343082639,0
"USA - LT K","0",0.8,10,14,85,"1","HARD","LIGHT",".",".",0.0991306590445453,0
"USA - LT K","0",0.8,10,14,85,"1","SOFT","LIGHT",".",".",0.0991306590445453,0
"USA - UL 1","0",0.5,5,7,100,"1","SOFT","ULTRA LIGHT",".",".",0.0695117458763684,0
"USA GOLD","0",1.1,15,14,84,"1","HARD","FULL FLAVOR",".","",0.123430914388862,0
"USA GOLD","0",0.9,11,12,84,"1","HARD","LIGHT",".","",0.107357153726951,0
"USA GOLD","0",1.1,15,14,84,"1","SOFT","FULL FLAVOR",".","",0.123430914388862,0
"USA GOLD","0",0.9,11,12,84,"1","SOFT","LIGHT",".","",0.107357153726951,1
"USA GOLD","0",0.5,6,8,84,"1","SOFT","ULTRA LIGHT",".","",0.0806603630876883,0
"USA GOLD","0",1.4,22,15,84,"0","SOFT","FULL FLAVOR",".","",0.229175773504901,0
"USA GOLD","0",1.2,15,15,100,"1","HARD","FULL FLAVOR",".","",0.114833393564606,0
"USA GOLD","0",0.9,10,12,100,"1","HARD","LIGHT",".","",0.0928914290284857,0
"USA GOLD","0",0.6,6,9,100,"1","HARD","ULTRA LIGHT",".","",0.0747878258416098,0
"USA GOLD","0",1.2,15,15,100,"1","SOFT","FULL FLAVOR",".","",0.114833393564606,0
"USA GOLD","0",0.9,10,12,100,"1","SOFT","LIGHT",".","",0.0928914290284857,0
"USA GOLD","0",0.6,6,9,100,"1","SOFT","ULTRA LIGHT",".","",0.0747878258416098,0
"Value Pride","0",0.9,15,15,83,"1","HARD","FULL FLAVOR","","",0.108324101065906,0
"Value Pride","0",0.9,15,16,84,"1","SOFT","FULL FLAVOR","","",0.107357153726951,1
"Value Pride","0",0.7,10,12,84,"1","SOFT","LIGHT","","",0.0931541473423325,0
"Value Pride","0",0.4,4,6,84,"1","SOFT","ULTRA LIGHT","","",0.0750035765321683,0
"Value Pride","0",1.2,20,14,84,"0","SOFT","FULL FLAVOR","","",0.202512821078609,0
"Value Pride","0",0.9,14,17,99,"1","SOFT","FULL FLAVOR","","",0.093741768646458,1
"Value Pride","0",0.8,10,11,99,"1","SOFT","LIGHT","","",0.0872546425209806,1
"Value Pride","0",0.4,5,7,99,"1","SOFT","ULTRA LIGHT","","",0.0651917129210431,0
"Vantage","0",0.5,6,7,83,"1","HARD","ULTRA LIGHT","","",0.081408786328334,0
"Vantage","0",0.8,9,10,84,"1","SOFT","LIGHT","","",0.100031814997055,0
"Vantage","0",0.4,5,7,84,"1","SOFT","ULTRA LIGHT","","",0.0750035765321683,0
"Vantage","0",0.5,5,7,98,"1","HARD","ULTRA LIGHT","","",0.0708231582012091,0
"Vantage","0",0.8,8,9,100,"1","SOFT","LIGHT","","",0.0864575343082639,0
"Vantage","0",0.4,5,7,100,"1","SOFT","ULTRA LIGHT","","",0.0645818978372697,0
"Viceroy","0",0.9,14,14,85,"1","HARD","FULL FLAVOR","","",0.106397807847815,0
"Viceroy","0",0.7,10,11,85,"1","HARD","LIGHT","","",0.0923085951536482,0
"Viceroy","0",0.9,14,14,85,"1","SOFT","FULL FLAVOR","","",0.106397807847815,0
"Viceroy","0",0.7,10,11,85,"1","SOFT","LIGHT","","",0.0923085951536482,0
"Viceroy","0",1,13,14,100,"1","HARD","FULL FLAVOR","","",0.0997518335350895,0
"Viceroy","0",0.9,11,12,100,"1","HARD","LIGHT","","",0.0928914290284857,0
"Viceroy","0",0.5,6,7,100,"1","HARD","ULTRA LIGHT","","",0.0695117458763684,1
"VIRGINIA S","0",0.7,9,10,98,"1","HARD","LIGHT","","FSC",0.0819290109674311,0
"VIRGINIA S","0",0.7,9,10,98,"1","HARD","LIGHT","","",0.0819290109674311,1
"VIRGINIA S","0",0.5,6,6,98,"1","HARD","ULTRA LIGHT","","FSC",0.0708231582012091,0
"VIRGINIA S","0",0.5,5,5,98,"1","HARD","ULTRA LIGHT","","",0.0708231582012091,0
"VIRGINIA S","0",0.6,7,7,98,"1","HARD","REGULAR","SUP-SLIM","FSC",0.076190626495906,0
"VIRGINIA S","0",0.5,6,5,98,"1","HARD","REGULAR","SUP-SLIM","",0.0708231582012091,0
"VIRGINIA S","0",1,14,13,98,"1","HARD","REGULAR","","FSC",0.101571480360385,0
"VIRGINIA S","0",1,14,12,98,"1","HARD","REGULAR","","",0.101571480360385,0
"VIRGINIA S","0",1.1,15,13,98,"1","SOFT","REGULAR","","FSC",0.108995913693898,0
"VIRGINIA S","0",1.1,14,12,98,"1","SOFT","REGULAR","","",0.108995913693898,0
"VIRGINIA S","0",1,13,13,120,"1","HARD","LIGHT","LUX","FSC",0.0830971021598127,1
"VIRGINIA S","0",1,13,12,120,"1","HARD","LIGHT","LUX","",0.0830971021598127,0
"VIRGINIA S","0",0.5,6,7,120,"1","HARD","ULTRA LIGHT","LUX","FSC",0.0575830021899276,0
"VIRGINIA S","0",0.5,6,6,120,"1","HARD","ULTRA LIGHT","LUX","",0.0575830021899276,0
"Winston","0",1.1,14,13,83,"1","HARD","FULL FLAVOR","","SELECT",0.124522439599036,0
"Winston","0",1.1,14,13,83,"1","HARD","FULL FLAVOR","","",0.124522439599036,0
"Winston","0",1.2,15,13,83,"1","HARD","FULL FLAVOR","","",0.133375439262141,0
"Winston","0",0.8,9,9,83,"1","HARD","LIGHT","","S2",0.100940245088718,0
"Winston","0",0.8,10,10,83,"1","HARD","LIGHT","","SELECT",0.100940245088718,0
"Winston","0",0.8,10,11,83,"1","HARD","LIGHT","","",0.100940245088718,0
"Winston","0",0.9,10,10,83,"1","HARD","LIGHT","","",0.108324101065906,1
"Winston","0",0.5,5,6,83,"1","HARD","ULTRA LIGHT","","",0.081408786328334,0
"Winston","0",0.5,6,7,83,"1","HARD","ULTRA LIGHT","","",0.081408786328334,0
"Winston","0",1.1,14,13,84,"1","SOFT","FULL FLAVOR","","",0.123430914388862,0
"Winston","0",0.9,10,10,84,"1","SOFT","LIGHT","","",0.107357153726951,0
"Winston","0",0.5,5,6,84,"1","SOFT","ULTRA LIGHT","","",0.0806603630876883,0
"Winston","0",1.1,14,13,98,"1","HARD","FULL FLAVOR","","",0.108995913693898,0
"Winston","0",0.9,10,9,98,"1","HARD","LIGHT","SLIMS","SELECT",0.0945990806011911,0
"Winston","0",0.9,10,11,98,"1","HARD","LIGHT","","S2",0.0945990806011911,0
"Winston","0",0.9,10,12,98,"1","HARD","LIGHT","","",0.0945990806011911,0
"Winston","0",0.5,5,6,98,"1","HARD","ULTRA LIGHT","","",0.0708231582012091,0
"Winston","0",1.3,16,15,100,"1","HARD","FULL FLAVOR","","",0.123094398423572,0
"Winston","0",0.9,11,13,100,"1","HARD","LIGHT","","",0.0928914290284857,0
"Winston","0",1.2,14,14,100,"1","SOFT","FULL FLAVOR","","",0.114833393564606,1
"Winston","0",0.9,10,11,100,"1","SOFT","LIGHT","","",0.0928914290284857,0
"Winston","0",0.5,4,6,100,"1","SOFT","ULTRA LIGHT","","",0.0695117458763684,0
"Worth","0",0.9,15,15,83,"1","HARD","FULL FLAVOR","","",0.108324101065906,0
"Worth","0",0.8,11,13,83,"1","HARD","LIGHT","","",0.100940245088718,0
"Worth","0",0.9,15,16,84,"1","SOFT","FULL FLAVOR","","",0.107357153726951,0
"Worth","0",0.7,10,12,84,"1","SOFT","LIGHT","","",0.0931541473423325,0
"Worth","0",0.4,4,6,84,"1","SOFT","ULTRA LIGHT","","",0.0750035765321683,0
"Worth","0",1.2,20,14,84,"0","SOFT","FULL FLAVOR","","",0.202512821078609,1
"Worth","0",0.9,14,17,99,"1","SOFT","FULL FLAVOR","","",0.093741768646458,0
"Worth","0",0.8,10,11,99,"1","SOFT","LIGHT","","",0.0872546425209806,0
"Worth","0",0.4,5,7,99,"1","SOFT","ULTRA LIGHT","","",0.0651917129210431,0
"YOURS FF","0",1,14,19,85,"1","SOFT","FULL FLAVOR",".",".",0.114130209517494,0
"YOURS FF","0",1,15,21,100,"1","SOFT","FULL FLAVOR",".",".",0.0997518335350895,0
"YOURS LT","0",0.8,10,14,85,"1","HARD","LIGHT",".",".",0.0991306590445453,0
"YOURS LT","0",0.8,10,14,85,"1","SOFT","LIGHT",".",".",0.0991306590445453,0
"YOURS LT","0",0.8,10,15,100,"1","SOFT","LIGHT",".",".",0.0864575343082639,0
"YOURS NF","0",1.7,24,19,85,"0","SOFT","FULL FLAVOR",".",".",0.271607070044441,0
"YOURS UL","0",0.5,5,6,85,"1","SOFT","ULTRA LIGHT",".",".",0.0799182217846762,0
"YOURS UL","0",0.5,5,7,100,"1","SOFT","ULTRA LIGHT",".",".",0.0695117458763684,0
"ALPINE","1",1,13,14,99,"1","SOFT","REGULAR","","",0.109620388951132,0
"Austin","1",0.8,14,15,84,"1","SOFT","FULL FLAVOR","","",0.10894519790856,0
"Austin","1",0.7,10,12,84,"1","SOFT","LIGHT","","",0.101523825536289,1
"Austin","1",0.9,13,16,99,"1","SOFT","FULL FLAVOR","","",0.102158295580145,0
"Austin","1",0.8,10,11,99,"1","SOFT","LIGHT","","",0.0951498798974421,0
"BASIC","1",0.4,5,8,83,"1","HARD","ULTRA LIGHT","","FSC",0.0826485366089844,0
"BASIC","1",0.4,5,7,83,"1","HARD","ULTRA LIGHT","","",0.0826485366089844,0
"BASIC","1",1,16,16,83,"1","HARD","REGULAR","","FSC",0.126328461388295,0
"BASIC","1",0.9,15,14,83,"1","HARD","REGULAR","","",0.11787959109852,0
"BASIC","1",0.7,11,13,84,"1","SOFT","LIGHT","","FSC",0.101523825536289,0
"BASIC","1",0.7,10,12,84,"1","SOFT","LIGHT","","",0.101523825536289,0
"BASIC","1",1,16,17,84,"1","SOFT","REGULAR","","FSC",0.125223369530439,0
"BASIC","1",0.9,15,14,84,"1","SOFT","REGULAR","","",0.116838523961827,0
"BASIC","1",0.5,5,8,98,"1","HARD","ULTRA LIGHT","","FSC",0.0773576030454745,0
"BASIC","1",0.4,5,7,98,"1","HARD","ULTRA LIGHT","","",0.0719143234755005,0
"BASIC","1",0.8,11,15,99,"1","SOFT","LIGHT","","FSC",0.0951498798974421,0
"BASIC","1",0.7,10,12,99,"1","SOFT","LIGHT","","",0.088574833427096,1
"BASIC","1",1,15,18,99,"1","SOFT","REGULAR","","FSC",0.109620388951132,0
"BASIC","1",1,14,15,99,"1","SOFT","REGULAR","","",0.109620388951132,0
"Belair","1",0.6,9,11,85,"1","SOFT","LIGHT","","",0.0936974042180305,0
"Belair","1",0.7,10,12,100,"1","SOFT","LIGHT","","",0.0877668244113516,0
"BENSON A","1",1.1,15,15,83,"1","HARD","REGULAR","","PR",0.135290019234097,0
"BENSON A","1",0.8,10,12,98,"1","HARD","LIGHT","","FSC",0.0960187052673749,0
"BENSON A","1",0.8,10,10,98,"1","HARD","LIGHT","","",0.0960187052673749,0
"BENSON A","1",0.5,5,7,98,"1","HARD","ULTRA LIGHT","DLX","FSC",0.0773576030454745,0
"BENSON A","1",0.5,5,6,98,"1","HARD","ULTRA LIGHT","DLX","",0.0773576030454745,0
"BENSON A","1",1,13,13,98,"1","HARD","REGULAR","","FSC",0.110605195056678,0
"BENSON A","1",1.1,15,15,98,"1","HARD","REGULAR","","PR",0.118602783191231,0
"BENSON A","1",1.1,14,14,98,"1","HARD","REGULAR","","",0.118602783191231,0
"BENSON A","1",0.8,10,12,99,"1","SOFT","LIGHT","","FSC",0.0951498798974421,0
"BENSON A","1",0.8,10,11,99,"1","SOFT","LIGHT","","",0.0951498798974421,0
"BENSON A","1",1.1,14,15,99,"1","SOFT","REGULAR","","FSC",0.117556180260921,0
"BENSON A","1",1.1,14,14,99,"1","SOFT","REGULAR","","",0.117556180260921,0
"Best Value","1",1,15,16,84,"1","SOFT","FULL FLAVOR","","",0.125223369530439,0
"Best Value","1",0.7,10,13,84,"1","SOFT","LIGHT","","",0.101523825536289,0
"Best Value","1",0.8,13,16,99,"1","SOFT","FULL FLAVOR","","",0.0951498798974421,0
"Best Value","1",0.8,9,11,99,"1","SOFT","LIGHT","","",0.0951498798974421,0
"Bonus Valu","1",0.9,13,16,99,"1","SOFT","FULL FLAVOR","","",0.102158295580145,0
"Bonus Valu","1",0.7,9,11,99,"1","SOFT","LIGHT","","",0.088574833427096,0
"BRONSON","1",0.9,14,18,85,"1","SOFT","FULL FLAVOR",".",".",0.115805444093755,0
"BRONSON","1",1,14,19,85,"1","SOFT","FULL FLAVOR",".",".",0.124126571310212,0
"BRONSON","1",0.8,10,13,85,"1","SOFT","LIGHT",".",".",0.107973377739541,0
"BRONSON","1",1,15,20,100,"1","SOFT","FULL FLAVOR",".",".",0.108643280247998,0
"BRONSON","1",1,15,21,100,"1","SOFT","FULL FLAVOR",".",".",0.108643280247998,0
"BRONSON","1",0.8,10,15,100,"1","SOFT","LIGHT",".",".",0.0942880961086727,0
"BRONSON","1",0.8,10,15,100,"1","SOFT","LIGHT",".",".",0.0942880961086727,1
"CAMBRIDG","1",0.7,9,11,84,"1","SOFT","LIGHT","","",0.101523825536289,0
"CAMBRIDG","1",0.7,12,14,99,"1","SOFT","LIGHT","","FSC",0.088574833427096,0
"CAMBRIDG","1",0.7,10,12,99,"1","SOFT","LIGHT","","",0.088574833427096,0
"Camel","1",1.1,17,15,83,"1","HARD","FULL FLAVOR","","",0.135290019234097,0
"Camel","1",1.1,17,16,83,"1","HARD","FULL FLAVOR","","",0.135290019234097,0
"Camel","1",1.1,18,16,83,"1","HARD","FULL FLAVOR","","",0.135290019234097,0
"Camel","1",0.7,9,9,83,"1","HARD","LIGHT","","",0.102444262829921,0
"Camel","1",0.8,10,9,83,"1","HARD","LIGHT","","",0.109924687111753,0
"Camel","1",0.9,11,11,83,"1","HARD","LIGHT","","",0.11787959109852,0
"Camel","1",0.9,11,11,85,"1","HARD","FULL FLAVOR","","",0.115805444093755,0
"Camel","1",0.8,9,10,85,"1","HARD","LIGHT","","",0.107973377739541,0
"Camel","1",1.2,16,14,98,"1","HARD","FULL FLAVOR","","",0.127096019126219,0
"Camel","1",0.7,8,9,98,"1","HARD","LIGHT","","",0.089389552303073,0
"Camel","1",0.9,10,10,100,"1","HARD","LIGHT","","",0.101240137823587,1
"Capri","1",0.8,9,6,100,"1","HARD","LIGHT","","",0.0942880961086727,0
"Capri","1",0.5,6,4,100,"1","HARD","ULTRA LIGHT","","",0.0759350824485786,0
"Capri","1",1,12,8,120,"1","HARD","LIGHT","","",0.0906535079942992,0
"Carlton","1",0.1,1,1,85,"1","SOFT","ULTRA LIGHT","","",0.065159888665408,0
"Carlton","1",0.1,1,1,100,"1","HARD","ULTRA LIGHT","","",0.0565570265199448,0
"Carlton","1",0.1,1,1,100,"1","SOFT","ULTRA LIGHT","","",0.0565570265199448,0
"Carlton","1",0.5,1,3,120,"1","SOFT","ULTRA LIGHT","SLIMS","",0.0629786524208932,0
"Charter","1",0.7,10,12,84,"1","SOFT","LIGHT","","",0.101523825536289,0
"Charter","1",0.7,9,11,99,"1","SOFT","LIGHT","","",0.088574833427096,0
"Cimarron","1",0.8,14,15,84,"1","SOFT","FULL FLAVOR","","",0.10894519790856,0
"Cimarron","1",0.7,10,12,84,"1","SOFT","LIGHT","","",0.101523825536289,0
"Cimarron","1",0.9,13,16,99,"1","SOFT","FULL FLAVOR","","",0.102158295580145,0
"Cimarron","1",0.7,9,11,99,"1","SOFT","LIGHT","","",0.088574833427096,0
"CLASS A -","1",0.8,10,13,85,"1","SOFT","LIGHT",".",".",0.107973377739541,0
"CLASS A -","1",0.8,10,15,100,"1","SOFT","LIGHT",".",".",0.0942880961086727,0
"CLASS A -","1",0.5,5,7,100,"1","SOFT","ULTRA LIGHT",".",".",0.0759350824485786,0
"Doral","1",0.9,14,14,83,"1","HARD","FULL FLAVOR","","",0.11787959109852,1
"Doral","1",0.6,9,11,83,"1","HARD","LIGHT","","",0.0954183137400425,0
"Doral","1",0.9,14,14,84,"1","SOFT","FULL FLAVOR","","",0.116838523961827,0
"Doral","1",0.7,9,12,84,"1","SOFT","LIGHT","","",0.101523825536289,0
"Doral","1",0.9,13,14,98,"1","HARD","FULL FLAVOR","","",0.103083825152879,0
"Doral","1",0.9,13,15,99,"1","SOFT","FULL FLAVOR","","",0.102158295580145,0
"Doral","1",0.8,10,13,99,"1","SOFT","LIGHT","","",0.0951498798974421,0
"Dunhill","1",1.2,13,13,100,"1","HARD","REGULAR","","",0.124882662922983,0
"EAGLE 20'","1",0.9,13,16,85,"1","HARD","FULL FLAVOR",".",".",0.115805444093755,0
"EAGLE 20'","1",0.7,10,12,85,"1","HARD","LIGHT",".",".",0.100610731144084,0
"EAGLE 20'","1",0.9,14,18,85,"1","SOFT","FULL FLAVOR",".",".",0.115805444093755,0
"EAGLE 20'","1",0.7,10,12,85,"1","SOFT","LIGHT",".",".",0.100610731144084,1
"EAGLE 20'","1",1,15,20,100,"1","SOFT","FULL FLAVOR",".",".",0.108643280247998,0
"EAGLE 20'","1",0.8,10,16,100,"1","SOFT","LIGHT",".",".",0.0942880961086727,0
"Eclipse","1",0.2,5,5,83,"1","HARD","ULTRA LIGHT","","",0.0714527399175647,0
"EVE LT 12","1",1,12,12,120,"1","HARD","LIGHT",".",".",0.0906535079942992,0
"EVE LT 12","1",1.1,12,11,120,"1","HARD","LIGHT",".",".",0.0973663736695585,0
"EVE UL 12","1",0.5,6,5,120,"1","HARD","ULTRA LIGHT",".",".",0.0629786524208932,0
"EVE UL 12","1",0.6,6,5,120,"1","HARD","ULTRA LIGHT",".",".",0.067794986812185,0
"First Choice","1",0.7,10,12,84,"1","SOFT","LIGHT","","",0.101523825536289,0
"First Choice","1",0.7,9,11,99,"1","SOFT","LIGHT","","",0.088574833427096,0
"Gold Coast","1",0.7,10,12,84,"1","SOFT","LIGHT","","",0.101523825536289,0
"Gold Coast","1",0.8,14,15,85,"1","SOFT","FULL FLAVOR","","",0.107973377739541,1
"Gold Coast","1",0.9,13,16,100,"1","SOFT","FULL FLAVOR","","",0.101240137823587,0
"Gold Coast","1",0.7,9,11,100,"1","SOFT","LIGHT","","",0.0877668244113516,0
"GPC","1",0.9,14,14,83,"1","SOFT","FULL FLAVOR","","",0.11787959109852,1
"GPC","1",0.6,9,11,83,"1","SOFT","LIGHT","","",0.0954183137400425,0
"GPC","1",0.5,6,6,83,"1","SOFT","ULTRA LIGHT","","",0.0888265388886998,0
"GPC","1",0.9,13,14,100,"1","SOFT","FULL FLAVOR","","",0.101240137823587,0
"GPC","1",0.7,10,12,100,"1","SOFT","LIGHT","","",0.0877668244113516,0
"GPC","1",0.5,6,7,100,"1","SOFT","ULTRA LIGHT","","",0.0759350824485786,0
"GRAND PR","1",0.9,14,18,85,"1","HARD","FULL FLAVOR",".",".",0.115805444093755,0
"GRAND PR","1",1,14,19,85,"1","HARD","FULL FLAVOR",".",".",0.124126571310212,0
"GRAND PR","1",1,15,20,100,"1","HARD","FULL FLAVOR",".",".",0.108643280247998,0
"GRAND PR","1",1,15,21,100,"1","HARD","FULL FLAVOR",".",".",0.108643280247998,0
"GRAND PR","1",0.8,10,15,100,"1","HARD","LIGHT",".",".",0.0942880961086727,0
"GRAND PR","1",0.8,10,15,100,"1","HARD","LIGHT",".",".",0.0942880961086727,0
"GRAND PR","1",0.8,10,15,100,"1","SOFT","LIGHT",".",".",0.0942880961086727,1
"GRAND PR","1",0.8,10,15,100,"1","SOFT","LIGHT",".",".",0.0942880961086727,0
"Highway","1",0.8,14,15,83,"1","HARD","FULL FLAVOR","","",0.109924687111753,0
"Highway","1",0.9,14,18,100,"1","HARD","FULL FLAVOR","","",0.101240137823587,0
"Highway","1",0.8,10,11,100,"1","HARD","LIGHT","","",0.0942880961086727,1
"Highway","1",0.9,14,16,100,"1","HARD","LIGHT","","",0.101240137823587,0
"Jacks","1",0.8,14,15,84,"1","SOFT","FULL FLAVOR","","",0.10894519790856,0
"Jacks","1",0.7,10,12,84,"1","SOFT","LIGHT","","",0.101523825536289,1
"Jacks","1",0.5,7,9,98,"1","HARD","LIGHT","","",0.0773576030454745,0
"Jacks","1",0.9,13,16,99,"1","SOFT","FULL FLAVOR","","",0.102158295580145,0
"Jacks","1",0.7,9,11,99,"1","SOFT","LIGHT","","",0.088574833427096,0
"JADE FF 1","1",1,15,18,100,"1","HARD","FULL FLAVOR",".",".",0.108643280247998,1
"JADE FF 1","1",1.1,16,19,100,"1","HARD","FULL FLAVOR",".",".",0.116517592088904,0
"JADE FF K","1",0.9,13,16,85,"1","HARD","FULL FLAVOR",".",".",0.115805444093755,0
"JADE FF K","1",1,15,17,85,"1","HARD","FULL FLAVOR",".",".",0.124126571310212,0
"JADE LT 1","1",0.8,10,14,100,"1","HARD","LIGHT",".",".",0.0942880961086727,0
"JADE LT 1","1",0.8,10,14,100,"1","HARD","LIGHT",".",".",0.0942880961086727,0
"JADE LT K","1",0.8,10,12,85,"1","HARD","LIGHT",".",".",0.107973377739541,1
"JADE LT K","1",0.9,11,11,85,"1","HARD","LIGHT",".",".",0.115805444093755,0
"KENT GOL","1",0.7,8,10,85,"1","SOFT","LIGHT","KING,F,S","",0.100610731144084,0
"KENT GOL","1",0.9,10,10,100,"1","SOFT","LIGHT","100's,F,S","",0.101240137823587,0
"KINGSPOR","1",0.9,15,18,85,"1","HARD","FULL FLAVOR",".",".",0.115805444093755,0
"KINGSPOR","1",0.9,14,18,85,"1","SOFT","FULL FLAVOR",".",".",0.115805444093755,0
"KINGSPOR","1",0.8,10,13,85,"1","SOFT","LIGHT",".",".",0.107973377739541,0
"KINGSPOR","1",1,15,20,100,"1","HARD","FULL FLAVOR",".",".",0.108643280247998,0
"KINGSPOR","1",0.8,10,15,100,"1","SOFT","LIGHT",".",".",0.0942880961086727,0
"Kool","1",0.9,12,11,83,"1","HARD","FULL FLAVOR","","",0.11787959109852,0
"Kool","1",1,12,11,83,"1","HARD","FULL FLAVOR","","",0.126328461388295,0
"Kool","1",0.8,10,9,83,"1","HARD","LIGHT","","",0.109924687111753,0
"Kool","1",0.9,11,11,83,"1","HARD","LIGHT","","",0.11787959109852,0
"Kool","1",1.1,14,14,85,"1","HARD","FULL FLAVOR","WIDES","",0.132955700679452,0
"Kool","1",1.2,17,18,85,"1","HARD","FULL FLAVOR","WIDES","",0.142310807158117,0
"Kool","1",1.1,17,14,85,"1","HARD","FULL FLAVOR","","",0.132955700679452,0
"Kool","1",1.2,17,18,85,"1","HARD","FULL FLAVOR","","",0.142310807158117,1
"Kool","1",1.1,16,14,85,"1","SOFT","FULL FLAVOR","","",0.132955700679452,0
"Kool","1",0.9,11,11,85,"1","SOFT","MEDIUM","","",0.115805444093755,0
"Kool","1",0.5,6,6,85,"1","SOFT","ULTRA LIGHT","","",0.0872130527538934,0
"Kool","1",1.1,16,15,100,"1","HARD","FULL FLAVOR","","",0.116517592088904,0
"Kool","1",0.7,10,9,100,"1","HARD","LIGHT","","",0.0877668244113516,0
"Kool","1",0.8,11,11,100,"1","HARD","MEDIUM","","",0.0942880961086727,0
"Kool","1",1,16,15,100,"1","SOFT","FULL FLAVOR","","",0.108643280247998,0
"Kool","1",0.9,11,10,100,"1","SOFT","MEDIUM","","",0.101240137823587,0
"Kool","1",0.5,6,6,100,"1","SOFT","ULTRA LIGHT","","",0.0759350824485786,0
"L&M","1",1.1,16,16,83,"1","HARD","REGULAR","","FSC",0.135290019234097,0
"L&M","1",0.9,14,13,83,"1","HARD","REGULAR","","OTHR-UST",0.11787959109852,0
"L&M","1",0.9,14,13,83,"1","HARD","REGULAR","","PR",0.11787959109852,0
"L&M","1",1.1,16,16,83,"1","HARD","REGULAR","","",0.135290019234097,0
"L&M","1",0.8,11,14,98,"1","HARD","LIGHT","","OTHR-UST",0.0960187052673749,0
"L&M","1",1.1,14,16,98,"1","HARD","REGULAR","","FSC",0.118602783191231,0
"L&M","1",1.1,15,17,98,"1","HARD","REGULAR","","",0.118602783191231,0
"Legend","1",0.8,14,15,84,"1","SOFT","FULL FLAVOR","","",0.10894519790856,0
"Legend","1",0.7,10,12,84,"1","SOFT","LIGHT","","",0.101523825536289,0
"Legend","1",1,15,16,85,"1","HARD","FULL FLAVOR","","",0.124126571310212,1
"Legend","1",0.9,13,16,99,"1","SOFT","FULL FLAVOR","","",0.102158295580145,0
"Legend","1",0.7,9,11,99,"1","SOFT","LIGHT","","",0.088574833427096,0
"Legend","1",0.9,14,18,100,"1","HARD","FULL FLAVOR","","",0.101240137823587,0
"Legend","1",0.8,10,11,100,"1","HARD","LIGHT","","",0.0942880961086727,0
"LIGGETT S","1",0.9,14,17,85,"1","HARD","FULL FLAVOR",".",".",0.115805444093755,0
"LIGGETT S","1",1,14,19,85,"1","HARD","FULL FLAVOR",".",".",0.124126571310212,0
"LIGGETT S","1",0.7,10,13,85,"1","HARD","LIGHT",".",".",0.100610731144084,0
"LIGGETT S","1",0.8,10,14,85,"1","HARD","LIGHT",".",".",0.107973377739541,0
"LIGGETT S","1",1,15,19,100,"1","HARD","FULL FLAVOR",".",".",0.108643280247998,0
"LIGGETT S","1",1,15,21,100,"1","HARD","FULL FLAVOR",".",".",0.108643280247998,0
"LIGGETT S","1",0.8,10,15,100,"1","HARD","LIGHT",".",".",0.0942880961086727,1
"LIGGETT S","1",0.8,10,15,100,"1","HARD","LIGHT",".",".",0.0942880961086727,0
"LIGGETT S","1",0.8,10,15,100,"1","SOFT","LIGHT",".",".",0.0942880961086727,1
"LIGGETT S","1",0.8,10,15,100,"1","SOFT","LIGHT",".",".",0.0942880961086727,0
"MALIBU","1",0.7,8,9,100,"1","HARD","LIGHT","SLIM",".",0.0877668244113516,0
"MALIBU","1",0.9,11,13,100,"1","SOFT","LIGHT",".","",0.101240137823587,0
"MALIBU","1",0.9,10,12,120,"1","SOFT","LIGHT",".","",0.0843602021063802,0
"Marker","1",0.8,14,15,84,"1","SOFT","FULL FLAVOR","","",0.10894519790856,0
"Marker","1",0.7,10,12,84,"1","SOFT","LIGHT","","",0.101523825536289,0
"Marker","1",0.9,13,16,99,"1","SOFT","FULL FLAVOR","","",0.102158295580145,0
"Marker","1",0.7,9,11,99,"1","SOFT","LIGHT","","",0.088574833427096,0
"MARLBOR","1",0.9,13,13,72,"1","HARD","REGULAR","BLUE","FSC",0.129869716856947,0
"MARLBOR","1",0.9,13,12,72,"1","HARD","REGULAR","BLUE","",0.129869716856947,0
"MARLBOR","1",0.9,14,14,72,"1","HARD","REGULAR","GREEN","FSC",0.129869716856947,0
"MARLBOR","1",0.9,13,12,72,"1","HARD","REGULAR","GREEN","",0.129869716856947,0
"MARLBOR","1",0.7,9,10,83,"1","HARD","LIGHT","","FSC",0.102444262829921,0
"MARLBOR","1",0.7,10,10,83,"1","HARD","LIGHT","","PR",0.102444262829921,0
"MARLBOR","1",0.7,9,9,83,"1","HARD","LIGHT","","",0.102444262829921,0
"MARLBOR","1",0.8,11,12,83,"1","HARD","MEDIUM","","FSC",0.109924687111753,0
"MARLBOR","1",0.8,11,13,83,"1","HARD","MEDIUM","","PR",0.109924687111753,1
"MARLBOR","1",0.8,11,12,83,"1","HARD","MEDIUM","","",0.109924687111753,0
"MARLBOR","1",0.5,6,7,83,"1","HARD","ULTRA LIGHT","","FSC",0.0888265388886998,0
"MARLBOR","1",0.5,5,7,83,"1","HARD","ULTRA LIGHT","","",0.0888265388886998,0
"MARLBOR","1",1.1,16,16,83,"1","HARD","REGULAR","SMOOTH","FSC",0.135290019234097,0
"MARLBOR","1",1.1,16,16,83,"1","HARD","REGULAR","SMOOTH","",0.135290019234097,0
"MARLBOR","1",1,15,15,83,"1","HARD","REGULAR","","FSC",0.126328461388295,0
"MARLBOR","1",1,15,14,83,"1","HARD","REGULAR","","PR",0.126328461388295,0
"MARLBOR","1",1.1,15,15,83,"1","HARD","REGULAR","","",0.135290019234097,0
"MARLBOR","1",0.7,10,11,84,"1","SOFT","LIGHT","","FSC",0.101523825536289,0
"MARLBOR","1",0.7,9,9,84,"1","SOFT","LIGHT","","",0.101523825536289,0
"MARLBOR","1",1.1,15,15,84,"1","SOFT","REGULAR","","FSC",0.134118568078306,0
"MARLBOR","1",1,15,14,84,"1","SOFT","REGULAR","","",0.125223369530439,0
"MARLBOR","1",0.8,9,12,98,"1","HARD","LIGHT","","FSC",0.0960187052673749,0
"MARLBOR","1",0.7,9,10,98,"1","HARD","LIGHT","","",0.089389552303073,0
"MARLBOR","1",1,13,15,98,"1","HARD","MEDIUM","","FSC",0.110605195056678,0
"MARLBOR","1",0.9,12,12,98,"1","HARD","MEDIUM","","",0.103083825152879,0
"MARLBOR","1",0.5,5,8,98,"1","HARD","ULTRA LIGHT","","FSC",0.0773576030454745,0
"MARLBOR","1",0.5,5,7,98,"1","HARD","ULTRA LIGHT","","",0.0773576030454745,0
"MARLBOR","1",1.1,15,16,98,"1","HARD","REGULAR","SMOOTH","FSC",0.118602783191231,0
"MARLBOR","1",1.1,15,15,98,"1","HARD","REGULAR","SMOOTH","",0.118602783191231,0
"MARLBOR","1",1.1,14,16,98,"1","HARD","REGULAR","","FSC",0.118602783191231,0
"MARLBOR","1",1.1,15,16,98,"1","HARD","REGULAR","","PR",0.118602783191231,0
"MARLBOR","1",1,14,13,98,"1","HARD","REGULAR","","",0.110605195056678,0
"MARLBOR","1",0.8,11,14,99,"1","SOFT","LIGHT","","FSC",0.0951498798974421,0
"MARLBOR","1",0.7,9,11,99,"1","SOFT","LIGHT","","",0.088574833427096,0
"Marshall M","1",1.2,13,14,83,"1","HARD","REGULAR","","",0.144781947602484,0
"MAX","1",1.5,17,15,120,"1","SOFT","REGULAR","120,F,SP,","",0.128817715936801,0
"MERIDIAN","1",0.9,14,19,85,"1","SOFT","FULL FLAVOR",".",".",0.115805444093755,0
"MERIDIAN","1",0.8,10,14,85,"1","SOFT","LIGHT",".",".",0.107973377739541,0
"MERIDIAN","1",0.8,10,15,100,"1","SOFT","LIGHT",".",".",0.0942880961086727,0
"MERIT","1",0.6,8,10,83,"1","HARD","REGULAR","","PR",0.0954183137400425,1
"MERIT","1",0.6,8,10,84,"1","SOFT","LIGHT","","FSC",0.0945543527716246,0
"MERIT","1",0.6,7,9,84,"1","SOFT","LIGHT","","",0.0945543527716246,0
"MERIT","1",0.4,4,6,84,"1","SOFT","ULTRA LIGHT","","FSC",0.0818897319079494,0
"MERIT","1",0.4,5,6,84,"1","SOFT","ULTRA LIGHT","","",0.0818897319079494,0
"MERIT","1",0.8,11,13,99,"1","SOFT","LIGHT","","FSC",0.0951498798974421,0
"MERIT","1",0.8,10,11,99,"1","SOFT","LIGHT","","",0.0951498798974421,1
"MERIT","1",0.5,6,8,99,"1","SOFT","ULTRA LIGHT","","FSC",0.0766433164475181,0
"MERIT","1",0.5,5,7,99,"1","SOFT","ULTRA LIGHT","","",0.0766433164475181,0
"Misty","1",0.7,9,10,100,"1","HARD","LIGHT","","",0.0877668244113516,0
"Misty","1",0.6,6,6,100,"1","HARD","ULTRA LIGHT","","",0.0816559215418499,0
"Misty","1",1,11,10,120,"1","HARD","LIGHT","","",0.0906535079942992,0
"Monarch","1",0.8,10,12,83,"1","HARD","LIGHT","","",0.109924687111753,0
"Monarch","1",0.8,14,15,84,"1","SOFT","FULL FLAVOR","","",0.10894519790856,1
"Monarch","1",0.7,10,12,84,"1","SOFT","LIGHT","","",0.101523825536289,0
"Monarch","1",0.9,13,16,99,"1","SOFT","FULL FLAVOR","","",0.102158295580145,0
"Monarch","1",0.7,9,11,99,"1","SOFT","LIGHT","","",0.088574833427096,0
"MONTCLA","1",0.8,10,12,84,"1","SOFT","LIGHT",".","",0.10894519790856,1
"MONTCLA","1",1.1,15,15,100,"1","SOFT","FULL FLAVOR",".","",0.116517592088904,1
"MONTCLA","1",0.9,11,13,100,"1","SOFT","LIGHT",".","",0.101240137823587,0
"MONTEGO","1",1,14,19,85,"1","HARD","FULL FLAVOR",".",".",0.124126571310212,0
"MONTEGO","1",0.8,10,14,85,"1","HARD","LIGHT",".",".",0.107973377739541,0
"MONTEGO","1",0.8,10,15,100,"1","HARD","LIGHT",".",".",0.0942880961086727,0
"More","1",0.8,9,8,98,"1","HARD","LIGHT","","",0.0960187052673749,0
"More","1",1.1,14,20,120,"1","SOFT","FULL FLAVOR","","",0.0973663736695585,1
"More","1",0.9,11,15,120,"1","SOFT","LIGHT","","WHITE",0.0843602021063802,0
"More","1",0.7,9,14,120,"1","SOFT","LIGHT","","",0.0729509773887063,0
"Mustang","1",0.8,14,15,84,"1","SOFT","FULL FLAVOR","","",0.10894519790856,0
"Mustang","1",0.7,10,12,84,"1","SOFT","LIGHT","","",0.101523825536289,0
"Mustang","1",0.9,14,18,98,"1","HARD","FULL FLAVOR","","",0.103083825152879,0
"Mustang","1",0.8,10,11,98,"1","HARD","LIGHT","","",0.0960187052673749,0
"Mustang","1",0.9,13,16,99,"1","SOFT","FULL FLAVOR","","",0.102158295580145,0
"Mustang","1",0.7,9,11,99,"1","SOFT","LIGHT","","",0.088574833427096,0
"NATURAL","1",1.42,13.2,10,84,"1","HARD","LIGHT","A8","A8",0.166211682266316,1
"NATURAL","1",1.52,14.5,12.7,84,"1","HARD","LIGHT","A8","IST",0.17742792350972,0
"NATURAL","1",2.08,20.8,13.9,84,"1","HARD","REGULAR","A8","A8",0.251178738744967,0
"NATURAL","1",2.3,23.2,17.4,84,"1","HARD","REGULAR","A8","IST",0.285187195207749,0
"NEWPORT","1",0.8,9,10,80,"1","HARD","LIGHT","KING,F,H","",0.112909579068635,0
"NEWPORT","1",1,12,11,80,"1","HARD","REGULAR","KING,F,H","",0.129693877221177,0
"NEWPORT","1",1.2,17,15,80,"1","HARD","REGULAR","KING,F,H","",0.148555377701212,0
"NEWPORT","1",1.1,13,13,80,"1","SOFT","REGULAR","KING,F,S","",0.138856229213038,1
"NEWPORT","1",0.8,9,10,85,"1","SOFT","LIGHT","KING,F,S","",0.107973377739541,0
"NEWPORT","1",1.4,18,16,85,"1","SOFT","REGULAR","KING,F,S","25-PK",0.162664249641961,1
"NEWPORT","1",1.3,18,16,85,"1","SOFT","REGULAR","KING,F,S","",0.152208608171482,0
"NEWPORT","1",0.8,10,12,100,"1","HARD","LIGHT","100,F,HP","",0.0942880961086727,0
"NEWPORT","1",1,12,12,100,"1","HARD","LIGHT","100,F,HP","",0.108643280247998,1
"NEWPORT","1",1,12,10,100,"1","HARD","REGULAR","SLIM,120","",0.108643280247998,0
"NEWPORT","1",1,12,9,100,"1","HARD","LIGHT","SLIM,100","",0.108643280247998,0
"NEWPORT","1",1,11,9,100,"1","HARD","LIGHT","SLIM,120","",0.108643280247998,0
"NEWPORT","1",1.2,14,15,100,"1","HARD","REGULAR","100,F,HP","",0.124882662922983,0
"NEWPORT","1",1.5,20,18,100,"1","HARD","REGULAR","100,F,HP","",0.153105854559656,1
"NEWPORT","1",1,12,12,100,"1","SOFT","LIGHT","100,F,SP,","",0.108643280247998,0
"NEWPORT","1",1.6,19,18,100,"1","SOFT","REGULAR","100,F,SP","25-PK",0.163611235901504,1
"NEWPORT","1",1.2,14,15,100,"1","SOFT","REGULAR","100,F,SP","",0.124882662922983,0
"NEWPORT","1",1.5,19,17,100,"1","SOFT","REGULAR","100,F,SP,","",0.153105854559656,1
"Now","1",0.1,1,2,84,"1","SOFT","ULTRA LIGHT","","",0.0657747776702103,1
"Now","1",0.2,2,3,100,"1","SOFT","ULTRA LIGHT","","",0.0609141882593289,1
"Pall Mall","1",0.9,11,9,85,"1","HARD","LIGHT","","",0.115805444093755,0
"Pall Mall","1",0.9,10,9,100,"1","HARD","LIGHT","","",0.101240137823587,0
"PARLIAME","1",1,15,15,79,"1","HARD","FULL FLAVOR","","FSC",0.130832520659058,0
"PARLIAME","1",1,14,13,79,"1","HARD","FULL FLAVOR","","",0.130832520659058,0
"PARLIAME","1",0.8,10,12,79,"1","HARD","LIGHT","","FSC",0.113920153840867,0
"PARLIAME","1",0.7,10,11,79,"1","HARD","LIGHT","","",0.106200277492473,0
"PARLIAME","1",0.5,6,8,79,"1","HARD","ULTRA LIGHT","","FSC",0.0921345248881804,0
"PARLIAME","1",0.5,6,8,79,"1","HARD","ULTRA LIGHT","","",0.0921345248881804,0
"PARLIAME","1",1,13,16,98,"1","HARD","LIGHT","RC BOX","FSC",0.110605195056678,0
"PARLIAME","1",0.9,12,14,98,"1","HARD","LIGHT","RC BOX","",0.103083825152879,0
"PLAYERS","1",0.8,10,10,83,"1","HARD","LIGHT","","",0.109924687111753,0
"PLAYERS","1",0.8,12,13,83,"1","HARD","REGULAR","","FSC",0.109924687111753,0
"PLAYERS","1",1,14,15,98,"1","HARD","REGULAR","","FSC",0.110605195056678,0
"PLAYERS","1",1,13,11,98,"1","HARD","REGULAR","","",0.110605195056678,0
"PLAYERS","1",0.8,10,13,99,"1","SOFT","LIGHT","","",0.0951498798974421,1
"PYRAMID","1",0.9,15,18,85,"1","SOFT","FULL FLAVOR",".",".",0.115805444093755,0
"PYRAMID","1",1,15,21,100,"1","SOFT","FULL FLAVOR",".",".",0.108643280247998,0
"PYRAMID","1",0.8,10,15,100,"1","SOFT","LIGHT",".",".",0.0942880961086727,0
"QUALITY L","1",0.8,10,14,85,"1","SOFT","LIGHT",".",".",0.107973377739541,0
"QUALITY L","1",0.8,10,15,100,"1","SOFT","LIGHT",".",".",0.0942880961086727,0
"QUEST 1 L","1",0.5,9,11,85,"1","HARD","LIGHT",".",".",0.0872130527538934,0
"QUEST 1 L","1",0.6,11,15,85,"1","HARD","LIGHT",".",".",0.0936974042180305,0
"QUEST 2 L","1",0.3,9,11,85,"1","HARD","LIGHT",".",".",0.0754497896028248,0
"QUEST 2 L","1",0.4,12,18,85,"1","HARD","LIGHT",".",".",0.0811372776880461,0
"QUEST 3 L","1",0.03,11,18,85,"1","HARD","LIGHT",".",".",0.0618775268480003,0
"QUEST 3 L","1",0.04,9,11,85,"1","HARD","LIGHT",".",".",0.0623368002228155,0
"RIVIERA","1",1.1,15,15,84,"1","HARD","FULL FLAVOR",".","",0.134118568078306,0
"RIVIERA","1",1.1,15,15,84,"1","SOFT","FULL FLAVOR",".","",0.134118568078306,0
"RIVIERA","1",1.1,15,15,100,"1","HARD","FULL FLAVOR",".","",0.116517592088904,1
"RIVIERA","1",1.1,15,15,100,"1","SOFT","FULL FLAVOR",".","",0.116517592088904,0
"Salem","1",1.2,18,12,82,"1","HARD","FULL FLAVOR","","",0.146030829619455,0
"Salem","1",0.7,9,9,82,"1","HARD","LIGHT","","",0.103372084908651,0
"Salem","1",1.1,17,15,83,"1","HARD","FULL FLAVOR","","",0.135290019234097,0
"Salem","1",0.8,10,11,83,"1","HARD","LIGHT","","",0.109924687111753,0
"Salem","1",0.4,5,7,83,"1","HARD","ULTRA LIGHT","","",0.0826485366089844,0
"Salem","1",1.2,17,14,97,"1","HARD","FULL FLAVOR","","",0.128215214840649,0
"Salem","1",0.7,8,9,97,"1","HARD","LIGHT","","",0.0902110233062742,0
"Salem","1",1.3,17,16,98,"1","HARD","FULL FLAVOR","","",0.136103544085718,0
"Salem","1",0.8,9,8,98,"1","HARD","LIGHT","SLIMS","",0.0960187052673749,0
"Salem","1",0.7,8,10,98,"1","HARD","LIGHT","","",0.089389552303073,0
"Salem","1",0.5,6,9,98,"1","HARD","ULTRA LIGHT","","",0.0773576030454745,0
"SARATOG","1",1,14,14,120,"1","HARD","REGULAR","","FSC",0.0906535079942992,0
"SARATOG","1",1,13,12,120,"1","HARD","REGULAR","","",0.0906535079942992,0
"SATIN","1",0.9,10,12,100,"1","SOFT","REGULAR","100,F,SP,","",0.101240137823587,0
"Signature","1",0.8,14,15,84,"1","SOFT","FULL FLAVOR","","",0.10894519790856,0
"Signature","1",0.7,10,12,84,"1","SOFT","LIGHT","","",0.101523825536289,0
"Signature","1",0.9,13,16,99,"1","SOFT","FULL FLAVOR","","",0.102158295580145,0
"Signature","1",0.7,9,11,99,"1","SOFT","LIGHT","","",0.088574833427096,0
"SILVER EA","1",0.9,14,19,85,"1","HARD","FULL FLAVOR",".",".",0.115805444093755,0
"SILVER EA","1",0.8,10,14,85,"1","HARD","LIGHT",".",".",0.107973377739541,0
"SILVER EA","1",1,15,21,100,"1","SOFT","FULL FLAVOR",".",".",0.108643280247998,0
"SILVER EA","1",0.8,10,15,100,"1","SOFT","LIGHT",".",".",0.0942880961086727,1
"SILVER EA","1",0.8,10,11,120,"1","HARD","LIGHT",".",".",0.0784660885485807,1
"SINCEREL","1",0.8,10,15,100,"1","SOFT","LIGHT",".",".",0.0942880961086727,1
"Smoke One","1",0.9,13,16,99,"1","SOFT","FULL FLAVOR","","",0.102158295580145,0
"Smoke One","1",0.7,9,11,99,"1","SOFT","LIGHT","","",0.088574833427096,0
"SONOMA","1",1.1,15,15,84,"1","HARD","FULL FLAVOR",".","",0.134118568078306,1
"SONOMA","1",0.9,10,12,84,"1","HARD","LIGHT",".","",0.116838523961827,0
"SONOMA","1",1.1,15,15,100,"1","SOFT","FULL FLAVOR",".","",0.116517592088904,0
"SONOMA","1",0.9,11,13,100,"1","SOFT","LIGHT",".","",0.101240137823587,0
"Sundance","1",0.8,14,15,84,"1","SOFT","FULL FLAVOR","","",0.10894519790856,0
"Sundance","1",0.7,10,12,84,"1","SOFT","LIGHT","","",0.101523825536289,0
"Sundance","1",0.9,13,16,99,"1","SOFT","FULL FLAVOR","","",0.102158295580145,0
"Sundance","1",0.7,9,11,99,"1","SOFT","LIGHT","","",0.088574833427096,0
"TOURNEY","1",0.9,14,17,85,"1","HARD","FULL FLAVOR",".",".",0.115805444093755,0
"TOURNEY","1",1,14,19,85,"1","HARD","FULL FLAVOR",".",".",0.124126571310212,0
"TOURNEY","1",0.9,14,17,85,"1","SOFT","FULL FLAVOR",".",".",0.115805444093755,0
"TOURNEY","1",0.7,10,13,85,"1","SOFT","LIGHT",".",".",0.100610731144084,0
"TOURNEY","1",0.8,10,14,85,"1","SOFT","LIGHT",".",".",0.107973377739541,0
"TOURNEY","1",1,15,19,100,"1","HARD","FULL FLAVOR",".",".",0.108643280247998,0
"TOURNEY","1",1,15,21,100,"1","HARD","FULL FLAVOR",".",".",0.108643280247998,0
"TOURNEY","1",0.8,10,15,100,"1","HARD","LIGHT",".",".",0.0942880961086727,0
"TOURNEY","1",0.8,10,15,100,"1","HARD","LIGHT",".",".",0.0942880961086727,0
"TOURNEY","1",0.8,10,15,100,"1","SOFT","LIGHT",".",".",0.0942880961086727,0
"TOURNEY","1",0.8,10,15,100,"1","SOFT","LIGHT",".",".",0.0942880961086727,0
"TOURNEY","1",0.9,11,11,120,"1","HARD","LIGHT",".",".",0.0843602021063802,0
"TOURNEY","1",1,12,12,120,"1","HARD","LIGHT",".",".",0.0906535079942992,0
"Tri-Brand","1",0.7,10,12,84,"1","SOFT","LIGHT","","",0.101523825536289,0
"Tri-Brand","1",0.7,9,11,99,"1","SOFT","LIGHT","","",0.088574833427096,0
"TRUE","1",0.5,5,5,85,"1","SOFT","REGULAR","KING,F,S","",0.0872130527538934,0
"TRUE","1",0.7,7,7,100,"1","SOFT","REGULAR","100,F,SP,","",0.0877668244113516,0
"TRIUMPH","1",0.4,4,5,85,"1","SOFT","REGULAR","KING,F,S","",0.0811372776880461,0
"TUSCANY","1",1.1,15,15,84,"1","HARD","FULL FLAVOR",".","",0.134118568078306,1
"TUSCANY","1",0.8,10,12,84,"1","HARD","LIGHT",".","",0.10894519790856,0
"TUSCANY","1",0.9,11,13,100,"1","HARD","LIGHT",".","",0.101240137823587,0
"USA - FF 1","1",1,15,20,100,"1","SOFT","FULL FLAVOR",".",".",0.108643280247998,0
"USA - FF K","1",0.9,14,18,85,"1","HARD","FULL FLAVOR",".",".",0.115805444093755,0
"USA - LT 1","1",0.8,10,16,100,"1","SOFT","LIGHT",".",".",0.0942880961086727,0
"USA - LT K","1",0.8,10,14,85,"1","HARD","LIGHT",".",".",0.107973377739541,0
"USA GOLD","1",1.1,15,15,84,"1","HARD","FULL FLAVOR",".","",0.134118568078306,0
"USA GOLD","1",1.1,15,15,84,"1","SOFT","FULL FLAVOR",".","",0.134118568078306,0
"USA GOLD","1",0.8,10,12,84,"1","SOFT","LIGHT",".","",0.10894519790856,0
"USA GOLD","1",1.1,15,15,100,"1","HARD","FULL FLAVOR",".","",0.116517592088904,0
"USA GOLD","1",0.9,11,13,100,"1","HARD","LIGHT",".","",0.101240137823587,0
"USA GOLD","1",1.1,15,15,100,"1","SOFT","FULL FLAVOR",".","",0.116517592088904,0
"USA GOLD","1",0.9,11,13,100,"1","SOFT","LIGHT",".","",0.101240137823587,0
"Value Pride","1",0.8,14,15,84,"1","SOFT","FULL FLAVOR","","",0.10894519790856,0
"Value Pride","1",0.7,10,12,84,"1","SOFT","LIGHT","","",0.101523825536289,0
"Value Pride","1",0.9,13,16,99,"1","SOFT","FULL FLAVOR","","",0.102158295580145,0
"Value Pride","1",0.7,9,11,99,"1","SOFT","LIGHT","","",0.088574833427096,1
"Vantage","1",0.7,9,9,84,"1","SOFT","LIGHT","","",0.101523825536289,0
"Vantage","1",0.8,9,9,100,"1","SOFT","LIGHT","","",0.0942880961086727,1
"VIRGINIA S","1",0.7,9,10,98,"1","HARD","LIGHT","","FSC",0.089389552303073,0
"VIRGINIA S","1",0.7,9,9,98,"1","HARD","LIGHT","","",0.089389552303073,0
"VIRGINIA S","1",0.5,6,6,98,"1","HARD","ULTRA LIGHT","","FSC",0.0773576030454745,0
"VIRGINIA S","1",0.5,5,5,98,"1","HARD","ULTRA LIGHT","","",0.0773576030454745,0
"VIRGINIA S","1",0.6,7,6,98,"1","HARD","REGULAR","SUP-SLIM","FSC",0.0831759662477151,0
"VIRGINIA S","1",0.5,6,5,98,"1","HARD","REGULAR","SUP-SLIM","",0.0773576030454745,0
"VIRGINIA S","1",1,14,13,98,"1","HARD","REGULAR","","FSC",0.110605195056678,0
"VIRGINIA S","1",1,14,12,98,"1","HARD","REGULAR","","",0.110605195056678,1
"VIRGINIA S","1",1.1,15,13,98,"1","SOFT","REGULAR","","FSC",0.118602783191231,0
"VIRGINIA S","1",1,14,12,98,"1","SOFT","REGULAR","","",0.110605195056678,0
"VIRGINIA S","1",1,13,13,120,"1","HARD","LIGHT","LUX","FSC",0.0906535079942992,0
"VIRGINIA S","1",1,13,12,120,"1","HARD","LIGHT","LUX","",0.0906535079942992,0
"VIRGINIA S","1",0.5,6,7,120,"1","HARD","ULTRA LIGHT","LUX","FSC",0.0629786524208932,0
"VIRGINIA S","1",0.5,5,6,120,"1","HARD","ULTRA LIGHT","LUX","",0.0629786524208932,0
"Winston","1",1.3,15,13,83,"1","HARD","FULL FLAVOR","","",0.154820593951395,0
"Winston","1",1.3,16,15,100,"1","HARD","FULL FLAVOR","","",0.133757360088448,0
"Worth","1",0.9,15,16,84,"1","SOFT","FULL FLAVOR","","",0.116838523961827,0
"Worth","1",0.7,10,12,84,"1","SOFT","LIGHT","","",0.101523825536289,0
"Worth","1",0.9,13,16,99,"1","SOFT","FULL FLAVOR","","",0.102158295580145,0
"Worth","1",0.7,9,11,99,"1","SOFT","LIGHT","","",0.088574833427096,0
"YOURS FF","1",1,14,19,85,"1","SOFT","FULL FLAVOR",".",".",0.124126571310212,0
"YOURS FF","1",1,15,21,100,"1","SOFT","FULL FLAVOR",".",".",0.108643280247998,0
"YOURS LT","1",0.8,10,13,85,"1","SOFT","LIGHT",".",".",0.107973377739541,0
"YOURS LT","1",0.8,10,15,100,"1","SOFT","LIGHT",".",".",0.0942880961086727,0
